平均價格,上價,中價,下價,交易量,月前氣溫,月前最低氣溫,月前相對溼度,月前風速,月前降水量
10.0,10.0,10.0,10.0,310.0,16.2,13.8,72.0,3.6,2.0
10.3,13.0,9.8,9.0,80.0,21.4,17.7,69.0,2.4,2.0
10.0,10.0,10.0,10.0,1370.0,14.8,12.6,78.0,2.1,27.0
9.0,9.0,9.0,9.0,140.0,14.6,13.7,61.0,3.4,0.0
8.0,8.0,8.0,8.0,307.0,17.2,16.3,82.0,3.5,5.5
10.0,10.0,10.0,10.0,360.0,20.9,19.0,83.0,1.3,0.0
33.3,33.3,33.3,33.3,200.0,17.5,15.2,82.0,2.8,2.3
33.3,33.3,33.3,33.3,300.0,16.7,14.8,70.0,3.5,0.0
10.0,14.0,10.0,6.0,496.0,18.7,16.1,78.0,0.8,0.0
26.7,26.7,26.7,26.7,200.0,14.9,12.7,67.0,1.6,0.3
9.3,14.0,8.8,6.0,2360.0,17.0,15.3,76.0,2.0,1.5
16.5,18.0,16.5,15.0,120.0,15.3,13.4,72.0,2.3,2.0
10.0,14.0,10.0,6.0,3952.0,18.4,14.6,56.0,2.1,0.0
26.7,26.7,26.7,26.7,400.0,18.9,15.3,67.0,2.6,0.0
10.0,14.0,10.0,6.0,798.0,17.0,15.5,71.0,3.6,5.0
10.0,14.0,10.0,6.0,939.0,16.6,15.4,72.0,3.9,0.5
10.0,14.0,10.0,6.0,4270.0,14.3,11.9,66.0,1.5,0.0
13.2,16.7,13.2,10.0,180.0,13.7,12.2,56.0,3.6,0.0
22.5,26.0,22.5,19.0,1450.0,14.2,12.3,57.0,4.1,0.0
19.0,19.0,19.0,19.0,3320.0,17.4,12.9,68.0,1.1,0.0
19.0,19.0,19.0,19.0,1170.0,18.5,14.1,75.0,0.6,0.0
33.3,33.3,33.3,33.3,1800.0,19.5,16.8,73.0,2.6,0.0
18.0,22.0,18.0,14.0,1190.0,16.0,14.1,59.0,3.7,0.0
17.2,22.0,16.7,14.0,3950.0,17.4,16.2,59.0,3.4,0.0
22.0,22.0,22.0,22.0,30.0,20.3,15.9,67.0,3.5,2.0
18.0,22.0,18.0,14.0,1230.0,16.2,14.8,78.0,2.0,5.0
18.0,22.0,18.0,14.0,3860.0,16.1,14.7,65.0,3.1,0.0
5.0,5.0,5.0,5.0,32.0,15.3,14.5,58.0,3.8,0.8
18.0,22.0,18.0,14.0,1480.0,16.8,14.8,62.0,3.4,0.0
15.0,20.0,15.0,10.0,990.0,18.9,17.2,75.0,1.3,1.0
15.0,15.0,15.0,15.0,1010.0,16.7,14.1,73.0,2.7,0.0
12.0,12.0,12.0,12.0,1320.0,15.6,13.4,74.0,4.3,0.0
15.0,15.0,15.0,15.0,136.0,17.7,15.9,74.0,4.5,0.0
16.6,18.0,16.8,14.8,2265.0,16.9,15.8,85.0,2.3,3.5
15.0,15.0,15.0,15.0,1840.0,15.2,14.1,81.0,2.0,3.0
12.0,12.0,12.0,12.0,300.0,13.5,11.5,67.0,2.4,3.5
12.0,12.0,12.0,12.0,300.0,11.3,9.8,70.0,2.0,0.5
15.0,15.0,15.0,15.0,1740.0,13.8,11.8,65.0,2.3,0.0
15.0,15.0,15.0,15.0,4110.0,15.3,11.8,71.0,0.6,0.0
14.0,16.8,13.8,12.0,3101.0,15.9,12.0,56.0,1.8,0.0
15.0,15.0,15.0,15.0,1150.0,17.1,10.1,55.0,2.4,0.0
15.0,15.0,15.0,15.0,2900.0,20.2,15.3,63.0,1.0,4.0
12.7,13.0,12.7,12.5,389.0,19.4,15.6,77.0,1.9,10.5
15.0,15.0,15.0,15.0,5130.0,19.3,17.9,68.0,4.6,0.0
13.0,13.0,13.0,13.0,325.0,17.9,16.6,63.0,4.7,0.0
12.6,17.3,12.4,8.2,8699.0,16.7,16.0,64.0,4.6,0.0
5.0,5.0,5.0,5.0,18.0,19.1,16.4,67.0,1.6,0.0
100.0,100.0,100.0,100.0,24.0,19.7,17.6,79.0,2.2,2.5
14.0,14.0,14.0,14.0,11020.0,19.4,18.0,81.0,1.3,0.0
9.2,13.4,8.6,6.7,11401.0,18.4,15.3,81.0,1.8,55.5
9.2,11.1,9.2,7.2,6302.0,20.6,17.0,80.0,0.8,0.0
10.5,13.7,10.2,8.2,7885.0,19.6,18.0,83.0,1.6,0.0
12.3,14.2,12.8,9.1,9805.0,19.7,17.4,85.0,3.1,2.0
11.7,16.8,11.1,8.2,20910.0,14.1,12.5,79.0,2.8,2.0
10.0,10.0,10.0,10.0,7340.0,15.3,13.4,80.0,3.1,0.0
12.1,12.7,12.0,12.0,8134.0,19.4,15.5,77.0,1.7,0.0
100.0,100.0,100.0,100.0,24.0,14.4,13.8,84.0,4.2,1.0
11.1,13.0,10.9,10.0,1599.0,16.4,14.0,87.0,3.6,1.5
9.8,10.0,10.0,8.8,1945.0,19.3,16.3,84.0,2.5,9.1
9.9,10.0,10.0,9.7,15283.0,17.3,15.2,76.0,3.1,0.0
10.9,12.0,10.9,9.7,21779.0,13.4,11.4,81.0,4.0,11.5
9.4,10.0,9.6,8.0,2148.0,12.8,11.4,91.0,3.2,36.5
7.4,8.0,7.3,7.0,1925.0,14.2,13.0,88.0,2.4,10.5
9.9,10.0,10.0,9.4,11625.0,19.5,13.6,77.0,1.2,0.0
7.2,8.4,7.1,6.3,891.0,22.3,18.5,77.0,0.8,0.0
10.1,10.7,10.0,9.9,26832.0,23.1,20.2,82.0,0.9,0.0
9.0,9.0,9.0,9.0,266.0,24.3,20.6,81.0,0.6,0.0
10.5,13.0,10.2,9.0,431.0,25.7,22.8,75.0,1.0,0.0
10.0,10.0,10.0,10.0,10880.0,24.8,22.2,76.0,2.2,0.0
10.0,10.0,10.0,9.9,10999.0,23.5,21.6,80.0,1.9,0.0
9.5,13.0,9.5,6.0,19760.0,19.3,18.1,71.0,4.1,0.0
13.0,13.0,13.0,13.0,126.0,17.3,15.0,83.0,3.0,48.5
10.0,10.0,10.0,10.0,11010.0,16.0,14.3,84.0,4.2,2.0
8.0,8.0,8.0,8.0,363.0,14.9,13.9,88.0,3.5,31.0
9.5,13.0,9.5,6.0,11110.0,18.6,16.1,89.0,2.9,14.5
9.5,13.0,9.6,6.0,16619.0,17.8,15.5,88.0,1.2,18.0
9.0,13.0,8.7,6.0,28261.0,21.7,14.7,69.0,2.1,0.0
11.2,13.4,12.2,6.0,26715.0,24.2,20.4,70.0,0.6,0.0
9.7,13.0,9.8,6.0,18920.0,25.4,20.6,73.0,0.8,0.0
12.9,13.0,13.0,12.4,11897.0,26.4,22.9,76.0,1.0,0.0
10.1,13.0,10.2,7.0,12018.0,26.4,22.6,76.0,1.3,0.0
11.7,14.2,11.5,9.9,1041.0,27.4,22.9,71.0,1.2,0.0
10.0,13.0,10.0,7.0,24481.0,28.2,23.6,71.0,1.2,0.0
11.4,13.0,12.3,7.0,23258.0,27.7,21.6,72.0,1.8,1.2
11.1,13.0,11.8,7.0,30557.0,19.1,15.8,78.0,4.9,0.0
9.9,13.0,9.8,7.0,13380.0,15.5,14.7,81.0,3.7,2.0
9.9,13.0,9.9,6.9,12472.0,17.3,14.8,86.0,3.5,5.0
9.7,13.0,9.5,7.0,5492.0,17.1,15.5,86.0,3.3,9.6
9.9,13.1,9.9,7.0,23764.0,17.7,16.3,93.0,0.5,4.6
12.7,14.0,14.0,7.3,35554.0,18.6,15.8,74.0,1.9,0.0
10.1,14.0,9.9,6.9,14353.0,19.0,14.4,57.0,2.2,0.0
12.7,14.0,13.9,7.5,14661.0,20.8,13.6,51.0,1.4,0.0
10.5,14.0,10.6,7.0,15385.0,23.7,18.1,64.0,1.4,0.0
11.8,14.0,12.7,7.0,23282.0,23.7,19.7,77.0,0.9,0.0
10.6,14.1,10.7,7.0,22740.0,25.7,23.1,84.0,1.0,8.7
10.2,14.0,10.0,7.0,24541.0,24.9,18.1,75.0,2.6,12.1
11.3,14.0,12.1,6.5,34006.0,18.4,17.2,84.0,4.1,11.4
10.5,14.0,10.5,7.0,11010.0,19.6,17.7,77.0,3.4,5.4
12.2,14.0,13.3,7.0,21701.0,22.8,19.5,75.0,4.3,0.0
10.1,14.0,9.8,7.0,13017.0,23.3,21.5,79.0,2.6,0.0
10.5,14.0,10.5,7.0,22080.0,25.0,21.2,66.0,3.1,0.0
12.6,14.0,14.0,7.2,17156.0,26.2,23.0,70.0,1.2,0.0
10.3,14.0,10.3,6.7,12581.0,25.8,23.2,75.0,1.2,0.0
9.5,13.0,9.6,6.0,16910.0,26.3,23.9,77.0,1.2,0.1
8.9,13.0,8.5,5.9,13957.0,24.0,22.3,75.0,4.1,0.0
9.2,13.0,9.1,5.9,30338.0,24.6,21.7,76.0,0.8,2.4
10.6,13.0,11.3,6.0,33524.0,27.6,23.2,73.0,2.3,1.1
9.2,13.0,9.1,5.7,12827.0,21.0,19.7,84.0,3.9,39.6
10.3,13.0,10.8,5.8,39559.0,19.7,18.1,88.0,3.2,41.3
9.0,13.0,8.7,6.0,12788.0,24.1,20.6,84.0,0.5,14.4
11.1,13.0,12.2,6.0,22737.0,24.6,22.6,82.0,2.2,0.0
11.0,13.0,12.0,5.9,23284.0,26.0,22.9,80.0,1.8,0.5
9.4,13.0,9.3,6.0,45965.0,25.4,22.1,82.0,3.6,0.0
10.0,13.0,10.5,5.8,28060.0,26.9,24.7,79.0,1.0,0.9
9.2,13.0,9.0,6.0,24770.0,22.3,19.6,71.0,2.5,61.9
8.4,13.0,7.7,6.0,16196.0,27.1,21.5,64.0,0.8,0.0
11.3,15.0,11.2,7.8,24152.0,27.8,24.2,76.0,1.1,0.0
10.9,15.0,10.7,7.3,12337.0,28.7,24.6,76.0,1.0,0.0
11.1,15.0,10.8,8.0,35748.0,28.4,25.8,74.0,1.0,0.0
9.7,15.0,9.1,6.0,18020.0,29.9,25.1,66.0,1.9,0.0
11.5,15.0,11.5,8.0,22480.0,30.1,26.3,64.0,1.7,0.0
11.4,15.0,11.3,8.0,36864.0,24.6,22.3,85.0,1.2,59.2
8.1,8.5,8.0,8.0,19372.0,22.0,21.2,80.0,3.4,1.5
11.5,15.0,11.5,8.0,12110.0,24.3,22.8,92.0,1.3,28.5
13.5,17.0,13.5,10.0,6459.0,23.6,22.7,85.0,2.2,5.6
13.0,17.0,13.0,9.0,15610.0,23.4,22.6,82.0,2.1,9.4
13.0,17.0,13.0,9.0,5930.0,26.8,22.8,82.0,1.0,0.1
13.0,17.0,13.0,9.0,11600.0,30.0,25.1,70.0,2.0,0.0
13.0,17.0,13.0,9.0,16035.0,30.9,27.2,70.0,1.5,0.0
13.0,17.0,13.0,9.0,17010.0,28.2,26.4,81.0,0.8,7.0
13.0,17.0,13.0,9.0,11180.0,28.5,26.6,78.0,0.9,0.2
18.0,28.0,17.7,9.0,23120.0,29.6,26.0,73.0,1.6,0.0
13.8,19.0,13.0,11.0,11990.0,30.2,26.3,70.0,1.8,0.0
18.0,18.0,18.0,18.0,30.0,28.4,26.5,78.0,0.9,0.9
11.1,15.8,11.1,6.3,27949.0,30.3,25.8,70.0,1.8,0.0
14.3,19.3,13.7,11.0,14366.0,27.2,25.1,84.0,1.0,3.2
15.0,19.0,15.0,11.0,27290.0,29.5,24.6,71.0,1.5,0.0
14.0,18.0,14.0,10.0,32020.0,30.4,25.7,69.0,1.4,0.0
14.0,18.0,14.0,10.0,11320.0,31.1,26.7,67.0,1.4,0.0
14.0,18.0,14.0,10.0,6620.0,31.7,27.0,66.0,1.9,0.0
20.0,20.0,20.0,20.0,27.0,30.7,28.3,72.0,1.5,0.0
14.8,16.0,15.5,11.3,1243.0,28.1,24.8,80.0,1.3,65.8
14.0,18.0,14.0,10.0,4090.0,29.2,25.3,78.0,1.3,0.0
14.0,18.0,14.0,10.0,10910.0,30.8,26.5,72.0,1.2,0.0
14.0,18.0,14.0,10.0,30980.0,31.6,27.1,68.0,1.7,0.0
14.0,18.0,14.0,10.0,11730.0,31.5,28.2,65.0,1.7,0.0
14.0,18.0,14.0,10.0,11820.0,30.9,27.5,72.0,1.7,0.0
14.0,18.0,14.0,10.0,2520.0,29.1,24.5,78.0,1.5,55.0
14.1,16.0,15.6,8.0,23760.0,29.3,25.8,76.0,1.0,0.1
12.0,16.0,12.0,8.0,11120.0,28.7,25.7,78.0,1.4,50.0
9.0,9.0,9.0,9.0,322.0,28.2,25.8,84.0,0.9,43.2
7.5,10.6,7.1,5.6,384.0,30.5,25.9,74.0,1.5,0.0
8.0,9.0,8.0,6.7,304.0,31.7,27.4,69.0,2.0,0.0
10.0,10.0,10.0,10.0,138.0,32.2,28.7,67.0,2.0,0.0
11.6,16.0,11.3,8.0,5520.0,31.6,28.4,69.0,2.2,0.0
9.2,10.0,9.1,9.0,462.0,31.8,27.3,66.0,1.7,0.0
11.9,16.0,11.9,8.0,5701.0,32.2,28.1,65.0,2.7,0.0
12.0,16.0,12.0,8.0,11040.0,32.1,28.2,67.0,1.7,0.0
12.0,16.0,12.0,8.0,10650.0,30.9,28.5,72.0,1.1,0.0
11.2,16.0,10.7,8.0,8201.0,31.3,27.6,70.0,4.0,0.0
11.5,16.0,11.2,8.0,6358.0,31.9,30.0,66.0,2.9,0.0
11.5,16.0,11.1,8.0,12416.0,31.6,28.3,66.0,2.4,0.0
11.3,16.0,10.7,8.0,6868.0,31.8,30.1,62.0,5.0,0.0
7.0,7.0,7.0,7.0,190.0,29.3,26.5,78.0,3.0,22.2
12.5,14.7,12.6,9.8,12500.0,26.4,25.3,86.0,3.8,91.0
9.4,10.0,9.3,9.0,691.0,30.2,26.9,73.0,1.5,14.6
11.4,16.0,11.2,7.7,6973.0,30.6,27.1,72.0,1.5,0.0
5.2,6.0,5.1,5.0,449.0,30.1,26.7,67.0,1.5,0.0
12.9,17.0,12.9,3.0,5771.0,29.8,26.3,70.0,1.4,0.0
5.1,6.0,5.1,4.0,347.0,30.2,26.4,68.0,1.5,0.0
12.9,18.0,12.3,9.4,5822.0,30.2,27.3,71.0,1.9,0.0
6.3,7.0,6.2,6.0,585.0,28.8,25.6,78.0,1.0,53.0
12.5,18.0,11.9,8.9,11426.0,28.6,25.6,79.0,1.5,3.9
14.0,18.0,14.0,10.0,10840.0,30.6,26.8,69.0,1.5,0.0
12.5,16.0,12.5,9.0,12720.0,30.1,27.5,71.0,1.2,2.5
10.6,17.0,9.8,6.5,4226.0,28.4,25.1,79.0,1.0,68.0
13.3,16.4,14.8,5.8,20979.0,29.0,25.2,76.0,1.3,0.5
10.5,14.3,10.2,7.7,40950.0,30.3,26.7,68.0,2.0,0.0
12.5,16.0,12.5,9.0,1960.0,28.8,26.3,73.0,1.5,6.0
10.0,10.0,10.0,10.0,268.0,28.0,24.2,75.0,1.3,45.0
11.5,15.1,11.2,8.9,20526.0,28.6,24.3,74.0,0.9,4.5
12.5,16.0,12.5,9.0,10810.0,30.0,26.7,67.0,1.5,0.0
12.1,15.0,12.2,9.1,8696.0,29.6,25.8,68.0,1.3,0.0
9.5,13.4,9.1,7.0,2671.0,29.7,26.2,70.0,1.8,0.0
12.8,16.9,12.9,8.6,9592.0,28.8,26.0,74.0,1.6,17.2
11.8,16.0,11.3,9.0,11090.0,29.4,25.7,74.0,2.7,1.5
7.7,10.9,7.2,6.0,13541.0,29.4,27.1,78.0,4.8,16.2
66.6,75.0,65.8,60.6,91.0,28.5,25.4,78.0,1.6,4.0
63.9,70.0,64.0,57.4,224.0,29.5,26.2,75.0,1.1,0.0
71.1,84.2,70.2,60.9,49.0,29.2,26.2,76.0,1.3,16.2
73.3,84.8,74.8,57.3,156.0,29.6,26.2,76.0,1.3,2.2
59.3,65.0,59.4,53.3,157.0,28.3,25.2,81.0,1.0,30.5
65.2,83.1,65.3,47.3,82.0,28.5,25.7,76.0,1.3,12.8
63.5,70.0,65.3,51.4,52.0,29.0,26.3,69.0,2.0,4.8
45.0,50.0,45.0,40.0,32.0,29.8,26.5,70.0,1.6,0.2
26.1,33.0,27.5,15.0,1269.0,28.1,25.5,78.0,1.4,91.5
48.7,55.0,50.3,37.5,227.0,29.6,25.3,74.0,2.7,0.0
30.1,39.6,29.6,22.4,717.0,30.9,27.7,66.0,3.9,0.0
32.7,40.2,32.3,26.4,748.0,30.1,28.4,71.0,4.1,1.9
35.0,42.4,34.0,30.4,1117.0,27.6,26.1,83.0,2.3,23.0
9.0,9.0,9.0,9.0,1060.0,29.9,27.1,74.0,2.3,2.0
30.6,36.1,31.1,23.8,1921.0,27.9,24.2,76.0,1.9,25.4
27.3,32.9,28.2,19.1,1851.0,27.9,24.6,72.0,1.8,8.0
15.0,15.0,15.0,15.0,1950.0,25.3,24.2,85.0,1.1,70.5
20.9,27.1,21.0,14.2,3026.0,25.9,24.8,85.0,1.1,59.0
24.3,27.6,24.6,19.7,1903.0,25.6,24.8,87.0,0.6,10.0
16.5,17.6,16.5,12.2,1025.0,26.8,24.6,84.0,0.9,24.2
19.5,23.8,20.0,13.9,5733.0,27.5,24.6,79.0,1.3,0.0
11.1,14.0,10.5,10.0,82.0,29.0,25.2,75.0,1.0,0.0
15.8,21.6,16.7,7.4,7035.0,29.5,26.5,72.0,0.9,0.0
12.6,16.0,13.2,7.5,1777.0,30.8,26.4,69.0,1.8,4.0
14.2,18.2,14.7,8.4,12751.0,26.1,23.8,82.0,1.6,32.1
13.6,15.6,13.1,13.0,306.0,27.1,23.7,74.0,2.5,2.0
20.0,25.0,20.0,15.0,1060.0,27.0,24.5,67.0,2.5,0.0
20.0,25.0,20.0,15.0,300.0,26.5,23.3,65.0,2.5,0.0
11.8,20.1,10.2,7.9,11882.0,26.7,23.7,65.0,3.1,0.0
11.3,12.0,11.4,10.0,586.0,26.6,24.7,70.0,3.7,0.3
20.0,25.0,20.0,15.0,3143.0,26.3,23.9,78.0,4.1,2.0
10.6,15.8,9.8,8.0,2400.0,28.3,25.7,75.0,2.2,0.0
14.0,14.0,14.0,14.0,64.0,26.6,24.3,78.0,2.5,13.5
20.0,25.0,20.0,15.0,3760.0,26.4,24.6,70.0,2.8,0.0
10.6,14.0,10.4,8.0,518.0,26.1,22.8,66.0,2.6,0.0
20.0,25.0,20.0,15.0,640.0,26.9,24.8,69.0,2.9,0.0
14.0,18.0,14.0,10.0,7310.0,27.1,24.2,75.0,2.1,0.7
12.1,14.5,12.0,10.0,540.0,28.6,25.1,72.0,1.2,0.0
14.0,14.0,14.0,14.0,72.0,29.2,26.0,71.0,1.0,0.0
14.0,18.0,14.0,10.0,5410.0,27.4,25.7,75.0,1.7,1.6
12.0,12.0,12.0,12.0,41.0,27.3,25.2,69.0,3.1,0.0
23.8,30.5,25.9,10.9,1792.0,23.7,22.7,84.0,1.3,18.0
10.0,10.0,10.0,10.0,423.0,26.3,23.8,85.0,5.4,203.9
16.5,22.9,16.4,10.5,3554.0,29.2,27.3,80.0,3.2,6.5
15.7,21.8,15.1,11.0,2985.0,29.5,25.9,79.0,0.8,0.5
17.0,21.3,16.9,12.7,3352.0,29.2,26.4,79.0,1.1,0.0
10.0,10.0,10.0,10.0,75.0,25.3,23.3,85.0,4.2,58.8
12.5,16.0,12.5,9.0,3280.0,29.8,27.0,74.0,3.4,0.0
11.2,15.8,10.8,7.6,6242.0,29.3,26.8,75.0,3.7,0.0
10.0,10.0,10.0,10.0,168.0,27.6,26.1,77.0,4.1,0.0
10.0,13.8,9.9,6.8,4608.0,26.7,25.2,73.0,3.5,0.0
13.0,16.2,13.9,7.0,4906.0,26.3,24.4,80.0,0.9,0.9
13.8,18.4,14.0,8.8,4062.0,23.2,21.9,88.0,2.0,47.0
12.5,16.0,12.5,9.0,3760.0,21.7,20.4,78.0,1.8,2.7
6.0,6.0,6.0,6.0,242.0,23.1,20.7,64.0,3.5,8.3
7.6,10.7,7.5,4.7,4212.0,23.0,21.2,64.0,4.1,0.0
11.5,15.0,11.5,8.0,5790.0,23.4,21.3,68.0,3.7,0.0
20.0,20.0,20.0,20.0,9850.0,23.9,20.5,73.0,3.3,0.0
8.5,10.0,8.5,7.0,522.0,24.5,22.8,78.0,4.2,0.0
12.2,16.7,13.1,5.0,4641.0,23.3,22.6,80.0,4.4,1.1
13.5,15.8,13.2,12.0,1136.0,24.9,23.0,81.0,4.6,0.0
20.0,20.0,20.0,20.0,13480.0,26.0,22.7,73.0,4.5,0.1
10.0,13.0,10.0,7.0,10950.0,24.0,22.4,83.0,3.5,1.7
17.4,18.6,17.5,15.8,5131.0,23.8,22.8,86.0,3.0,11.3
12.0,16.5,11.7,8.2,1837.0,25.1,23.7,86.0,1.7,7.5
15.1,23.0,16.2,3.8,1535.0,24.7,23.8,78.0,4.3,0.0
10.0,13.0,10.0,7.0,1500.0,25.7,23.7,73.0,3.0,0.0
15.0,15.0,15.0,15.0,24.0,26.0,23.1,77.0,2.0,0.0
10.0,13.0,10.0,7.0,4730.0,24.9,23.7,81.0,4.2,0.0
15.1,19.7,15.1,10.4,956.0,26.6,24.1,78.0,1.1,0.0
13.0,13.0,13.0,13.0,36.0,24.7,22.9,81.0,2.4,0.0
12.3,15.0,11.9,11.0,562.0,22.5,21.3,80.0,3.1,1.2
8.5,11.0,8.5,6.0,3730.0,20.7,19.6,85.0,2.8,0.6
12.9,15.0,13.5,9.0,1378.0,22.1,20.5,87.0,3.2,0.7
13.4,19.9,13.0,8.0,1098.0,25.4,22.8,81.0,3.7,1.0
12.5,16.7,12.6,8.0,1412.0,26.9,22.8,78.0,2.2,0.0
13.2,18.0,13.2,8.3,1416.0,28.1,25.7,75.0,3.2,0.0
11.3,18.0,10.9,6.0,779.0,26.8,23.7,80.0,1.2,0.0
9.0,11.0,9.0,7.0,7380.0,24.7,21.6,82.0,2.4,0.0
15.2,19.3,15.9,9.1,1164.0,21.4,20.4,78.0,4.4,0.0
14.8,16.6,15.4,11.3,783.0,21.3,19.8,82.0,4.0,8.6
6.3,9.8,5.9,4.0,321.0,23.5,21.1,84.0,3.9,0.0
5.8,8.2,5.2,5.0,418.0,24.4,21.8,83.0,1.2,0.0
8.5,11.0,8.5,6.0,10850.0,24.3,22.2,80.0,4.3,0.0
13.0,14.0,13.3,11.0,455.0,26.7,24.1,77.0,1.7,0.0
8.5,11.0,8.5,6.0,10530.0,26.9,22.7,74.0,1.0,0.0
10.5,12.0,10.4,9.1,286.0,26.6,23.7,78.0,1.6,0.0
12.3,13.0,12.9,10.0,564.0,24.5,23.5,81.0,4.3,1.3
10.1,10.6,10.0,10.0,187.0,24.3,21.5,83.0,4.6,2.4
13.2,14.7,13.0,12.3,1412.0,25.0,23.7,78.0,3.8,0.0
10.0,10.0,10.0,10.0,15.0,24.3,22.6,82.0,3.5,0.2
8.5,11.0,8.5,6.0,7020.0,22.8,21.9,77.0,3.1,0.0
8.4,9.0,8.7,7.1,1881.0,21.5,18.0,78.0,2.6,3.0
9.9,12.8,9.9,7.2,216.0,16.0,13.5,64.0,3.0,0.5
7.0,8.0,7.1,5.5,1779.0,22.0,19.0,81.0,1.4,0.0
8.0,10.0,8.0,6.0,7190.0,18.2,16.6,71.0,3.9,0.0
8.0,8.0,8.0,8.0,186.0,17.2,16.1,70.0,4.5,0.2
9.4,11.6,9.2,8.0,180.0,21.3,18.6,83.0,4.0,0.0
8.0,10.0,8.0,6.0,6670.0,17.4,16.2,81.0,3.6,0.5
6.8,8.0,7.0,5.0,280.0,16.0,12.6,67.0,2.5,0.0
6.8,7.0,6.9,6.0,160.0,21.4,18.9,73.0,2.1,0.0
8.0,10.0,8.0,6.0,7220.0,20.8,19.0,84.0,2.6,0.1
8.0,10.0,8.0,6.0,10870.0,22.9,20.3,80.0,1.6,0.0
12.5,15.0,12.5,10.0,3550.0,17.5,16.2,70.0,3.7,0.0
12.5,15.0,12.5,10.0,10960.0,19.0,16.5,79.0,3.9,0.0
12.5,15.0,12.5,10.0,3020.0,18.9,17.2,85.0,0.6,5.5
12.5,15.0,12.5,10.0,3650.0,14.7,13.3,80.0,2.3,0.0
12.5,15.0,12.5,10.0,3740.0,14.8,12.8,75.0,2.8,0.2
12.5,15.0,12.5,10.0,2800.0,13.5,12.8,85.0,3.3,9.5
11.5,15.0,10.8,10.0,2190.0,14.8,12.6,88.0,4.0,6.0
11.0,15.0,10.0,10.0,3010.0,16.3,14.7,92.0,1.3,14.7
12.5,15.0,12.5,10.0,10880.0,18.3,14.1,75.0,1.5,6.4
12.5,15.0,12.5,10.0,11150.0,17.4,17.0,93.0,1.4,21.5
17.0,17.0,17.0,17.0,555.0,17.7,16.0,81.0,4.3,10.8
10.5,13.0,10.5,8.0,10780.0,12.3,11.5,97.0,2.5,11.0
16.1,20.1,16.0,12.6,4579.0,17.0,14.6,91.0,1.4,4.5
18.4,23.2,18.5,13.2,4663.0,14.6,13.4,88.0,1.2,6.2
19.3,26.0,19.3,12.4,6240.0,11.2,8.1,69.0,1.4,0.0
14.4,22.8,14.0,7.1,14209.0,12.8,6.1,64.0,1.5,0.0
15.0,15.0,15.0,15.0,20.0,16.0,9.0,68.0,1.5,0.0
18.0,20.0,18.5,14.7,386.0,19.2,11.9,70.0,1.3,0.0
10.5,13.0,10.5,8.0,11100.0,21.9,17.7,82.0,0.8,0.0
20.4,24.6,20.8,15.0,5983.0,17.0,11.2,86.0,2.2,6.3
10.7,14.4,10.7,7.0,3110.0,11.3,9.7,85.0,2.4,0.6
18.8,22.2,18.7,15.6,6800.0,12.4,11.6,75.0,2.8,0.2
16.2,19.1,16.6,12.3,4549.0,13.4,12.3,80.0,2.8,4.0
17.1,22.0,16.3,14.7,815.0,16.3,13.2,87.0,3.2,9.0
5.4,11.1,4.2,3.0,5619.0,16.1,14.4,90.0,1.4,0.2
21.9,25.8,22.6,16.3,3414.0,15.8,14.0,59.0,4.5,0.0
19.7,23.0,20.3,14.9,6245.0,17.5,14.8,72.0,1.1,1.2
19.1,19.6,19.0,19.0,5151.0,14.9,13.4,84.0,1.7,3.2
18.3,19.6,18.3,17.0,4656.0,13.8,12.9,78.0,3.9,0.5
15.0,15.0,15.0,15.0,12.0,14.1,13.2,88.0,2.9,4.0
15.1,15.5,15.0,15.0,994.0,18.3,14.7,71.0,2.4,0.0
12.7,17.2,12.4,9.3,15631.0,16.0,12.9,62.0,3.4,0.0
20.0,20.0,20.0,20.0,38.0,15.4,12.8,53.0,4.8,0.0
10.0,10.0,10.0,10.0,19.0,18.4,13.9,53.0,3.4,0.0
100.0,100.0,100.0,100.0,20.0,19.6,14.1,56.0,1.3,0.0
100.0,100.0,100.0,100.0,24.0,20.8,15.9,63.0,1.1,0.0
100.0,100.0,100.0,100.0,24.0,22.9,18.8,71.0,1.6,0.0
18.1,23.2,17.4,14.9,18978.0,23.0,20.5,73.0,0.8,0.8
100.0,100.0,100.0,100.0,48.0,17.3,14.7,82.0,3.2,20.3
100.0,100.0,100.0,100.0,24.0,12.8,11.2,87.0,2.3,45.0
100.0,100.0,100.0,100.0,16.0,12.2,11.1,89.0,2.6,18.7
100.0,100.0,100.0,100.0,24.0,16.9,14.7,88.0,0.7,39.7
137.5,137.5,137.5,137.5,8.0,14.4,13.5,74.0,2.7,10.7
26.4,27.2,26.6,24.7,5180.0,14.1,13.0,84.0,3.1,12.6
100.0,100.0,100.0,100.0,24.0,16.0,14.6,91.0,0.8,7.5
100.0,100.0,100.0,100.0,12.0,19.4,16.4,84.0,1.5,0.5
100.0,100.0,100.0,100.0,12.0,19.9,17.5,89.0,0.7,24.0
100.0,100.0,100.0,100.0,24.0,18.6,16.6,75.0,3.9,2.2
14.0,14.0,14.0,14.0,45.0,18.0,16.4,79.0,3.6,3.5
16.0,20.0,15.9,12.0,5390.0,19.9,17.9,80.0,1.1,0.3
100.0,100.0,100.0,100.0,24.0,17.2,13.4,85.0,2.3,31.0
28.7,32.7,28.1,26.2,709.0,12.8,11.5,82.0,2.4,10.5
100.0,100.0,100.0,100.0,12.0,11.5,10.9,90.0,1.2,27.9
16.0,20.0,16.0,12.0,10350.0,13.8,11.4,69.0,1.2,0.5
17.8,20.0,19.0,12.0,10180.0,16.0,9.4,55.0,2.7,0.0
21.3,26.0,21.4,16.3,347.0,19.4,12.6,52.0,1.0,0.0
21.7,28.4,20.7,17.7,1620.0,19.9,16.5,65.0,1.0,0.0
23.4,24.0,24.0,20.9,111.0,19.9,17.6,74.0,1.1,0.0
15.0,20.0,15.0,10.0,2668.0,20.8,18.2,71.0,3.0,0.0
15.9,20.0,16.6,10.0,3570.0,25.0,21.1,71.0,1.0,0.0
100.0,100.0,100.0,100.0,24.0,23.5,21.4,76.0,1.4,0.0
100.0,100.0,100.0,100.0,48.0,24.2,21.4,71.0,0.8,0.0
18.0,26.0,16.7,14.0,3450.0,25.7,21.3,69.0,0.8,0.0
32.2,33.5,33.0,28.7,1460.0,27.3,23.0,68.0,1.0,0.0
18.5,26.0,17.5,14.0,3960.0,24.1,21.4,75.0,1.5,0.0
100.0,100.0,100.0,100.0,12.0,23.2,20.4,81.0,0.8,10.0
100.0,100.0,100.0,100.0,24.0,20.3,19.0,84.0,2.3,15.0
106.3,112.5,106.3,100.0,48.0,22.9,20.3,80.0,1.1,2.0
110.0,110.0,110.0,110.0,10.0,22.2,20.9,91.0,1.1,56.3
23.5,24.0,23.9,22.0,184.0,21.1,19.5,91.0,2.9,23.0
100.0,100.0,100.0,100.0,48.0,21.6,18.3,87.0,3.2,7.1
19.0,26.0,19.0,12.0,8807.0,22.7,20.9,84.0,2.9,2.4
19.5,26.0,19.9,12.0,18629.0,19.4,17.1,89.0,2.2,6.9
18.4,20.0,18.0,18.0,132.0,22.2,18.0,72.0,4.3,0.0
18.9,26.0,18.8,12.0,5758.0,25.8,20.9,69.0,1.0,0.0
18.5,26.0,18.2,12.0,6991.0,27.7,23.1,72.0,1.0,0.0
17.4,26.0,16.3,12.0,16105.0,27.0,24.4,73.0,1.3,0.0
18.8,26.0,18.7,12.0,5379.0,25.9,24.1,80.0,1.2,3.1
18.7,26.0,18.6,11.9,22656.0,25.5,23.1,78.0,1.7,1.4
19.1,26.0,19.2,12.0,11322.0,26.6,22.8,74.0,1.1,1.3
21.4,26.0,23.0,12.0,17082.0,26.9,23.4,74.0,1.3,48.3
30.0,30.0,30.0,30.0,10.0,22.2,19.5,73.0,3.2,7.0
23.4,30.0,22.3,20.0,211.0,22.4,19.4,58.0,3.7,0.0
15.5,20.0,15.4,11.4,26153.0,23.7,21.0,80.0,0.9,3.0
13.4,17.0,13.6,9.2,14780.0,27.8,22.2,66.0,1.0,0.0
13.3,17.0,13.2,9.9,40142.0,27.6,24.7,66.0,2.6,2.5
12.6,17.0,12.3,9.1,8723.0,28.3,24.7,64.0,1.5,0.0
11.1,14.0,11.2,8.0,24135.0,27.1,24.3,70.0,1.2,19.5
11.3,14.1,11.5,8.0,10423.0,29.3,23.7,70.0,1.3,0.0
11.1,14.0,11.1,8.0,24919.0,27.5,25.3,73.0,1.5,20.2
10.9,14.0,10.8,8.0,17594.0,27.6,25.2,72.0,1.3,1.0
11.2,14.1,11.3,8.0,26037.0,27.7,23.6,71.0,1.4,11.3
10.6,14.0,10.4,7.7,57572.0,27.7,24.2,69.0,3.2,2.4
10.3,14.0,10.0,7.5,27669.0,28.6,26.3,66.0,1.5,0.0
9.9,14.0,10.1,5.1,27084.0,21.9,19.0,73.0,3.7,68.6
10.6,14.0,10.5,7.6,27077.0,20.7,19.0,71.0,3.9,11.4
10.9,14.0,10.9,7.9,11856.0,24.5,21.4,73.0,1.9,0.0
7.5,10.6,7.2,4.9,5974.0,24.9,23.0,70.0,2.1,0.0
10.4,14.0,10.1,7.5,22733.0,26.0,22.6,68.0,1.9,0.0
21.5,22.0,21.8,20.0,52.0,26.8,25.0,77.0,2.3,0.2
5.5,7.0,5.1,5.0,286.0,26.4,24.9,82.0,2.8,6.8
9.5,14.0,9.2,6.0,28093.0,25.5,24.9,83.0,3.4,0.5
10.0,14.0,10.0,6.0,11230.0,26.3,24.8,78.0,2.1,5.1
10.0,14.0,10.0,6.0,8750.0,28.7,24.5,71.0,1.1,0.0
16.8,17.0,17.0,16.0,294.0,28.4,25.7,76.0,1.2,22.5
11.5,15.0,11.5,8.0,15450.0,31.7,27.0,64.0,2.4,0.0
11.5,15.0,11.5,8.0,11160.0,31.1,28.9,67.0,1.6,0.0
11.5,15.0,11.5,8.0,26820.0,31.8,27.7,64.0,1.6,0.2
14.0,18.0,14.0,10.0,11420.0,33.0,28.8,56.0,2.5,0.0
14.0,18.0,14.0,10.0,18140.0,27.8,25.9,76.0,1.8,36.0
14.0,18.0,14.0,10.0,10720.0,30.3,25.9,73.0,1.4,8.5
14.0,18.0,14.0,10.0,15014.0,28.1,24.6,74.0,1.5,12.0
14.0,18.0,14.0,10.0,25640.0,26.4,24.7,82.0,0.9,34.3
14.0,18.0,14.0,10.0,11168.0,27.9,24.6,74.0,1.5,3.8
14.0,18.0,14.0,10.0,23458.0,28.7,24.9,66.0,1.7,0.0
20.9,23.8,21.5,16.2,7567.0,28.5,25.7,71.0,1.6,30.3
18.0,23.0,18.5,11.3,13076.0,27.4,25.7,76.0,1.2,3.2
15.0,21.0,14.6,10.0,7823.0,28.6,26.1,73.0,1.1,0.3
14.0,18.0,14.1,10.0,5726.0,28.5,24.7,73.0,2.0,36.6
14.0,18.0,14.0,10.0,27280.0,25.7,24.5,85.0,1.0,44.7
14.0,18.0,14.0,10.0,11430.0,30.4,24.1,71.0,1.4,0.0
14.0,18.0,14.0,10.0,10535.0,32.0,27.3,64.0,2.4,0.0
10.0,10.0,10.0,10.0,100.0,29.2,24.6,76.0,1.5,82.5
12.8,14.3,12.5,12.0,1329.0,29.9,24.9,68.0,1.4,0.0
15.0,15.0,15.0,15.0,42.0,29.9,27.2,69.0,1.6,0.0
11.5,13.0,11.5,10.0,420.0,29.3,26.1,70.0,1.6,2.0
9.0,9.0,9.0,9.0,126.0,31.5,26.5,66.0,1.7,0.0
10.0,10.2,10.0,10.0,5610.0,31.1,28.1,70.0,1.3,0.4
12.7,18.0,11.8,10.0,3590.0,30.2,27.0,70.0,1.8,4.5
15.0,15.0,15.0,15.0,33.0,30.3,28.1,72.0,1.7,6.3
31.4,36.0,31.4,26.7,556.0,31.3,27.2,67.0,1.5,0.1
32.6,36.0,33.3,27.0,1208.0,29.3,26.6,74.0,1.4,36.9
37.2,40.7,37.6,32.4,478.0,29.1,24.9,78.0,1.3,59.5
30.4,36.0,30.5,24.3,96.0,29.6,25.0,73.0,1.0,0.7
14.0,18.0,14.0,10.0,3475.0,30.6,27.2,71.0,1.1,11.5
33.0,43.6,31.4,27.0,690.0,28.9,24.8,75.0,1.2,23.3
14.0,18.0,14.0,10.0,3045.0,30.1,25.9,71.0,0.9,0.0
34.4,40.0,34.6,28.0,80.0,31.7,27.4,62.0,3.1,0.0
15.0,15.0,15.0,15.0,43.0,32.2,29.1,61.0,4.0,0.0
17.0,22.0,17.0,12.0,3640.0,29.3,27.2,77.0,3.8,14.6
17.5,21.3,16.7,16.0,414.0,28.5,26.8,81.0,5.6,13.4
23.1,33.6,21.8,16.4,111.0,27.7,25.6,91.0,1.2,43.7
20.6,26.8,19.9,16.5,149.0,27.7,25.6,89.0,1.2,7.0
22.0,34.4,20.7,13.6,146.0,28.9,25.9,79.0,1.6,3.0
18.0,19.0,18.6,15.0,311.0,30.0,26.2,72.0,1.3,0.0
14.3,23.2,13.3,8.6,158.0,30.2,27.0,72.0,1.6,0.0
16.0,23.0,15.8,9.6,187.0,31.6,26.9,65.0,2.3,0.0
14.2,19.3,14.6,8.1,125.0,30.2,27.1,71.0,1.5,1.5
15.1,22.0,13.9,12.0,226.0,27.9,23.9,76.0,1.4,22.0
17.0,22.0,17.0,12.0,11060.0,30.6,26.0,69.0,1.4,0.0
20.5,22.0,20.1,20.0,49.0,31.4,26.8,64.0,1.6,0.0
17.0,22.0,17.0,12.0,1980.0,30.8,28.1,68.0,1.8,0.0
12.0,12.0,12.0,12.0,56.0,30.6,27.0,66.0,1.9,0.0
10.0,10.0,10.0,10.0,28.0,31.1,27.9,65.0,1.2,0.0
12.5,15.1,12.7,9.5,29999.0,32.0,26.9,60.0,1.7,0.0
7.9,8.0,8.0,7.7,336.0,32.2,27.4,63.0,1.3,0.0
8.0,8.0,8.0,8.0,294.0,32.3,28.4,60.0,1.8,0.0
15.0,20.0,15.0,10.0,10630.0,31.0,28.6,68.0,4.0,0.0
10.0,10.0,10.0,10.0,84.0,31.6,27.2,61.0,4.5,0.5
17.1,21.5,17.7,10.8,9958.0,30.7,28.1,67.0,1.4,0.1
10.0,10.0,10.0,10.0,41.0,30.4,27.0,68.0,1.4,0.0
14.4,18.2,14.3,10.7,32123.0,31.9,27.3,62.0,1.2,0.0
15.0,20.0,15.0,10.0,5020.0,31.4,27.9,66.0,1.5,0.0
12.4,15.6,12.7,8.4,21532.0,29.7,26.8,71.0,1.6,15.0
15.0,20.0,15.0,10.0,7988.0,30.7,26.9,68.0,1.4,0.0
15.0,20.0,15.0,10.0,21920.0,30.5,28.4,73.0,1.5,11.5
15.0,20.0,15.0,10.0,5500.0,30.4,27.1,73.0,2.6,9.0
10.8,14.6,10.8,7.3,16980.0,28.3,26.1,82.0,1.3,25.9
5.6,7.0,5.7,4.0,344.0,30.3,27.4,69.0,2.5,8.7
11.5,15.0,11.5,8.0,22030.0,31.0,26.9,61.0,2.8,0.0
3.0,3.0,3.0,3.0,153.0,31.4,28.3,60.0,2.9,0.0
5.0,5.0,5.0,5.0,236.0,30.5,27.7,67.0,1.5,0.0
7.2,12.3,6.5,4.6,10393.0,29.2,26.1,73.0,1.5,2.0
11.5,15.0,11.5,8.0,11100.0,30.4,27.2,69.0,2.2,0.0
4.0,4.0,4.0,4.0,288.0,30.9,27.4,62.0,2.5,0.0
11.5,15.0,11.5,8.0,10970.0,30.8,26.8,64.0,2.1,0.5
13.5,16.0,14.5,8.1,441.0,30.8,27.5,64.0,2.0,0.0
11.5,15.0,11.5,8.0,11000.0,30.9,26.3,63.0,1.4,0.0
11.5,15.0,11.5,8.0,11010.0,31.2,26.9,64.0,1.9,0.0
8.8,9.0,8.9,8.0,553.0,26.7,24.7,78.0,1.9,14.8
30.2,35.9,30.2,24.3,13896.0,27.7,24.7,61.0,2.2,0.0
25.5,28.1,26.6,19.6,3068.0,28.7,25.7,54.0,2.3,0.0
20.0,27.2,19.6,13.8,11001.0,29.1,24.6,57.0,1.3,0.0
21.8,28.1,22.6,13.3,6140.0,29.6,25.1,57.0,1.5,0.0
19.5,23.0,20.3,13.9,3001.0,28.5,26.0,70.0,1.6,11.5
18.2,29.4,17.5,9.5,5814.0,29.7,27.1,75.0,3.3,0.5
11.2,13.1,11.1,9.5,2655.0,28.8,27.5,79.0,3.2,1.2
11.2,21.6,9.1,7.0,690.0,28.0,25.4,78.0,1.2,5.0
15.6,22.6,14.7,11.0,896.0,29.4,25.3,73.0,1.2,1.9
7.0,8.0,7.0,6.0,84.0,29.4,26.9,70.0,1.2,0.3
11.5,15.0,11.5,8.0,1920.0,27.2,25.3,83.0,1.5,50.5
17.0,27.7,16.0,9.6,1815.0,28.6,25.0,78.0,1.1,0.0
22.0,26.8,22.4,16.1,1053.0,27.3,25.8,81.0,1.4,5.5
11.5,15.0,11.5,8.0,640.0,28.8,25.8,74.0,2.8,2.0
10.0,10.0,10.0,10.0,201.0,28.1,25.6,74.0,6.6,18.9
9.4,11.6,9.3,7.6,937.0,28.7,26.5,73.0,2.2,0.6
17.6,25.0,16.1,15.0,136.0,29.7,25.0,69.0,1.8,0.5
9.1,11.4,9.1,6.6,940.0,25.4,23.8,82.0,1.6,29.0
8.0,8.0,8.0,8.0,60.0,26.2,24.1,72.0,1.5,0.0
30.7,32.0,31.4,27.4,158.0,26.9,24.4,69.0,3.6,0.0
20.5,25.0,20.8,15.0,40.0,26.5,23.9,76.0,4.0,8.5
22.2,22.2,22.2,22.2,960.0,27.1,25.6,80.0,3.8,33.2
12.4,13.8,12.2,11.7,357.0,26.7,24.0,88.0,8.6,181.5
22.2,22.2,22.2,22.2,2400.0,29.2,27.0,73.0,3.5,3.3
33.7,36.0,33.3,33.0,143.0,28.6,25.8,72.0,1.3,0.0
22.2,22.2,22.2,22.2,3720.0,28.8,25.6,68.0,1.7,0.0
35.4,38.0,35.7,32.0,98.0,28.3,25.5,66.0,1.5,0.0
28.3,33.0,30.6,16.7,115.0,23.2,21.7,83.0,2.3,22.0
22.2,22.2,22.2,22.2,1320.0,23.2,21.9,89.0,1.3,8.5
33.3,39.5,32.8,28.7,312.0,24.5,23.0,81.0,2.9,0.7
34.8,38.3,36.7,25.4,1083.0,25.4,23.9,82.0,2.7,0.7
34.0,37.0,33.8,31.3,550.0,28.5,25.7,74.0,4.6,1.0
27.3,32.0,27.7,21.3,399.0,27.9,25.9,76.0,4.7,1.9
21.6,25.0,22.0,17.0,195.0,28.5,26.2,72.0,3.9,0.0
25.7,32.3,24.9,21.6,286.0,28.9,26.9,70.0,4.8,0.0
23.8,33.5,23.1,16.0,307.0,29.6,26.7,70.0,5.2,2.0
25.5,35.3,24.5,18.7,607.0,30.6,28.7,67.0,1.8,0.0
28.8,35.0,29.5,20.3,482.0,27.8,25.5,76.0,2.3,0.0
22.3,22.6,22.2,22.2,1546.0,26.7,25.3,74.0,4.0,0.0
20.0,20.0,20.0,20.0,41.0,28.7,25.0,69.0,1.4,0.0
28.7,38.7,30.4,13.5,405.0,28.2,25.2,73.0,1.1,0.0
33.3,35.0,33.5,30.9,1302.0,28.2,25.2,74.0,1.9,0.0
28.7,34.8,28.8,22.6,845.0,22.5,21.4,73.0,3.8,0.0
20.8,22.0,20.7,20.0,41.0,23.7,22.4,73.0,4.3,1.2
23.6,28.0,23.3,20.0,100.0,22.0,20.8,73.0,4.3,1.3
20.0,20.0,20.0,20.0,34.0,20.5,19.2,69.0,3.8,0.0
24.9,29.6,25.0,20.0,2553.0,21.0,19.5,70.0,3.3,0.0
21.4,23.7,21.1,19.9,2485.0,21.5,20.9,80.0,3.0,0.9
20.0,25.0,20.0,15.0,1930.0,24.9,19.8,68.0,2.0,0.0
18.9,21.7,19.1,15.3,3012.0,26.0,23.2,62.0,2.5,0.0
10.7,12.0,10.5,10.0,71.0,22.8,19.8,73.0,1.7,1.0
19.2,22.0,19.3,15.9,2560.0,19.6,18.6,73.0,3.1,0.0
16.0,19.4,16.3,12.1,2849.0,19.4,18.7,84.0,1.8,6.1
15.6,17.0,16.0,12.7,2559.0,21.4,19.6,67.0,4.3,0.0
16.8,19.0,17.3,13.0,2796.0,25.6,20.9,69.0,1.0,0.0
16.8,18.0,17.5,13.3,2328.0,25.6,22.1,74.0,1.0,0.0
16.0,16.0,16.0,16.0,349.0,24.3,23.0,75.0,4.3,0.0
15.0,16.0,15.9,11.2,868.0,24.0,22.4,72.0,4.9,0.0
16.3,19.0,16.5,13.0,1060.0,25.7,22.9,69.0,3.1,0.0
11.5,12.0,11.5,11.0,40.0,25.0,22.4,70.0,1.4,1.0
16.1,17.0,16.1,15.6,2050.0,24.6,21.8,74.0,2.6,10.5
20.0,25.0,20.0,15.0,1770.0,22.7,20.8,84.0,1.6,19.5
19.8,22.0,19.9,17.0,349.0,22.8,21.0,83.0,2.8,23.0
24.6,26.0,24.7,23.0,317.0,19.9,18.6,86.0,3.2,35.1
20.0,25.0,20.0,15.0,2740.0,18.6,17.6,82.0,4.1,0.5
26.4,27.0,26.7,25.0,306.0,21.4,19.0,80.0,5.2,0.0
20.6,24.0,21.4,15.0,224.0,18.9,18.3,85.0,2.1,10.5
23.5,25.0,24.2,20.0,240.0,19.9,18.7,63.0,4.6,0.0
20.0,25.0,20.0,15.0,5790.0,22.6,20.5,76.0,3.2,4.6
20.0,20.0,20.0,20.0,156.0,20.1,18.7,81.0,3.0,0.6
20.0,25.0,20.0,15.0,5250.0,20.0,19.1,69.0,4.0,0.0
25.6,27.0,25.3,25.0,180.0,20.4,19.0,76.0,3.2,0.0
18.6,20.5,18.5,17.3,224.0,21.2,20.6,73.0,3.6,0.0
25.3,27.7,25.5,22.3,414.0,19.8,18.5,81.0,3.5,4.0
21.5,22.0,21.5,20.8,467.0,22.0,18.0,75.0,1.2,0.0
17.8,23.2,17.1,14.9,1588.0,20.6,17.4,74.0,1.2,0.0
16.8,17.0,17.0,16.0,176.0,18.6,16.1,70.0,2.4,4.0
24.5,26.8,25.0,20.7,446.0,15.2,13.9,66.0,2.8,0.7
26.2,27.0,26.3,25.0,159.0,15.1,14.4,58.0,3.1,0.0
20.2,25.1,19.6,17.0,1182.0,21.6,15.9,61.0,2.1,0.0
24.1,25.2,24.9,20.7,735.0,22.2,16.7,70.0,2.0,0.0
20.0,25.0,20.0,15.0,3260.0,24.6,21.0,72.0,4.2,0.0
15.0,15.0,15.0,15.0,15.0,25.6,22.7,70.0,1.9,0.0
13.8,15.1,13.9,12.2,2187.0,21.1,18.1,79.0,2.5,4.0
11.3,14.2,11.3,8.4,1101.0,18.5,17.3,62.0,5.0,0.0
17.0,22.0,17.0,12.0,5490.0,22.9,19.7,64.0,3.9,0.0
12.1,13.5,12.1,10.3,824.0,23.1,19.5,70.0,1.7,0.0
11.8,16.0,11.0,10.0,428.0,16.7,12.6,72.0,3.0,0.0
13.8,16.0,14.1,11.0,380.0,23.2,20.4,73.0,3.5,0.0
17.0,22.0,17.0,12.0,3450.0,20.2,18.2,78.0,2.4,0.1
100.0,100.0,100.0,100.0,48.0,19.5,18.3,73.0,4.7,0.0
100.0,100.0,100.0,100.0,16.0,20.0,18.3,80.0,3.5,0.1
100.0,100.0,100.0,100.0,32.0,14.0,13.3,81.0,3.4,1.5
100.0,100.0,100.0,100.0,72.0,15.1,13.5,79.0,3.5,0.5
100.0,100.0,100.0,100.0,16.0,19.2,16.0,72.0,3.6,0.0
100.0,100.0,100.0,100.0,8.0,20.2,18.0,78.0,0.9,0.7
15.3,16.0,15.5,14.0,712.0,19.3,18.0,80.0,1.2,0.1
13.8,17.4,13.3,11.8,8053.0,14.3,12.2,73.0,2.9,1.8
17.0,22.0,17.0,12.0,7080.0,14.9,13.7,59.0,3.5,0.0
10.0,12.2,9.8,8.7,2276.0,14.7,13.6,61.0,4.3,0.0
12.2,14.6,13.0,7.6,10521.0,14.5,13.7,74.0,4.0,0.0
12.8,13.4,12.9,12.0,6516.0,15.4,13.7,75.0,3.3,0.0
11.4,12.8,11.3,10.4,7770.0,16.4,14.0,66.0,3.7,0.0
100.0,100.0,100.0,100.0,4.0,18.5,14.6,70.0,2.7,0.0
11.5,15.0,11.5,8.0,5550.0,20.7,17.4,74.0,0.6,0.0
13.8,14.0,14.0,13.2,3167.0,17.5,14.3,78.0,3.9,0.0
13.2,14.0,13.3,12.5,4352.0,16.1,14.1,79.0,4.8,0.0
100.0,100.0,100.0,100.0,4.0,17.1,14.9,76.0,4.7,0.0
15.4,17.0,15.7,12.7,11472.0,15.6,14.6,73.0,4.7,0.0
11.5,15.0,11.5,8.0,10600.0,19.8,15.8,69.0,3.5,0.0
12.4,13.0,12.5,11.4,4356.0,19.2,17.5,75.0,2.3,0.0
100.0,100.0,100.0,100.0,8.0,17.9,16.7,62.0,5.4,0.0
11.5,15.0,11.5,8.0,11110.0,17.9,15.1,72.0,2.0,0.0
8.7,9.8,8.6,7.9,2524.0,11.7,10.4,69.0,1.8,3.5
11.5,13.8,11.2,10.3,4961.0,11.9,10.4,56.0,2.6,0.0
15.0,15.0,15.0,14.9,13990.0,14.4,12.3,60.0,2.9,0.0
100.0,100.0,100.0,100.0,8.0,16.3,14.1,61.0,3.9,0.0
11.4,15.0,11.4,7.9,10926.0,16.9,15.0,55.0,4.3,0.0
7.6,8.0,7.6,7.0,62.0,19.8,15.6,55.0,2.8,0.0
7.5,8.0,7.4,7.0,222.0,19.4,14.2,59.0,1.1,0.0
100.0,100.0,100.0,100.0,16.0,20.8,15.4,61.0,1.5,0.0
100.0,100.0,100.0,100.0,4.0,21.5,17.7,61.0,2.5,0.0
8.7,10.0,8.5,8.0,197.0,20.6,17.2,71.0,1.5,1.0
9.1,12.0,9.0,6.4,7029.0,19.5,16.6,74.0,5.0,0.0
3.4,4.0,3.3,3.0,790.0,19.6,16.0,81.0,1.1,21.1
2.0,2.0,2.0,2.0,137.0,15.7,12.7,77.0,3.8,0.6
10.1,10.6,10.1,9.8,9305.0,13.1,11.8,84.0,1.6,44.2
20.4,21.0,21.0,17.8,10320.0,13.3,12.2,82.0,1.3,15.5
11.1,11.9,11.0,10.6,7636.0,15.3,13.9,66.0,2.6,0.0
13.7,15.3,13.7,12.0,3121.0,14.7,13.9,77.0,3.6,0.8
14.8,19.9,14.7,10.0,4073.0,16.4,14.0,74.0,0.9,2.3
16.0,16.0,16.0,16.0,12540.0,14.5,12.9,62.0,3.3,0.0
9.5,12.0,9.5,7.0,10750.0,16.9,13.3,62.0,3.4,0.0
12.1,13.0,12.4,10.2,9032.0,18.3,15.5,73.0,0.6,7.1
10.4,12.0,11.0,7.0,34376.0,14.0,12.0,69.0,3.0,9.6
15.7,16.8,16.0,13.7,7461.0,14.0,12.7,79.0,1.9,2.0
14.2,16.0,15.0,10.0,17955.0,16.0,14.5,76.0,4.3,1.3
12.7,13.0,12.9,11.6,988.0,17.4,16.6,86.0,2.4,32.5
13.0,16.0,13.0,10.0,11090.0,21.8,18.6,78.0,1.4,0.0
13.0,16.0,13.0,10.0,10870.0,18.3,14.9,86.0,1.2,14.2
100.0,100.0,100.0,100.0,28.0,14.2,13.1,76.0,2.2,5.9
13.1,13.7,13.0,12.7,4302.0,16.1,14.6,66.0,3.5,0.0
14.4,16.0,15.4,10.0,31850.0,16.2,14.9,84.0,1.2,19.0
11.3,12.0,11.1,10.9,10317.0,18.1,15.7,83.0,3.4,2.0
11.1,13.4,10.7,10.0,10017.0,19.5,17.8,84.0,2.5,3.1
100.0,100.0,100.0,100.0,24.0,21.8,18.5,79.0,0.9,0.0
13.0,16.0,13.0,10.0,16800.0,18.7,16.4,78.0,4.3,0.0
13.0,16.0,13.0,10.0,11070.0,20.9,17.3,74.0,3.1,1.2
16.0,16.0,16.0,16.0,14660.0,18.9,16.9,79.0,2.0,4.0
8.3,9.0,8.2,8.0,433.0,21.1,17.9,69.0,3.0,0.0
8.0,8.7,8.1,7.1,2888.0,14.4,12.6,77.0,1.9,12.4
14.6,16.0,15.7,10.0,24270.0,19.1,12.5,56.0,3.8,0.0
13.0,16.0,13.0,10.0,10540.0,22.2,17.7,57.0,1.9,0.0
13.0,16.0,13.0,10.0,11122.0,21.5,18.0,66.0,1.6,0.0
15.6,16.0,16.0,14.1,13869.0,22.8,18.3,69.0,1.0,0.0
6.0,6.0,6.0,6.0,400.0,18.8,13.6,77.0,1.7,19.5
13.0,16.0,13.0,10.0,15140.0,17.2,11.5,49.0,2.6,0.0
7.1,7.4,7.0,7.0,575.0,19.9,14.3,48.0,3.1,0.0
13.0,16.0,13.0,10.0,13160.0,22.0,17.3,53.0,2.0,0.0
16.0,16.0,16.0,15.9,22358.0,23.4,17.7,58.0,1.4,0.0
13.0,16.0,13.0,10.0,8360.0,23.5,20.8,65.0,1.1,0.0
12.2,15.8,12.4,8.2,707.0,24.0,21.1,69.0,0.9,0.2
15.0,16.0,16.0,11.2,32320.0,26.5,23.0,69.0,1.5,0.0
13.0,16.0,13.0,10.0,10890.0,28.8,23.6,59.0,2.6,0.0
15.0,16.0,16.0,11.0,32780.0,20.8,17.5,74.0,3.7,17.0
13.1,16.1,13.1,10.0,11031.0,17.7,17.0,75.0,4.3,15.1
12.6,16.1,12.7,9.0,11381.0,19.3,16.7,68.0,3.2,7.0
14.9,16.1,16.0,10.7,36820.0,21.2,18.5,76.0,0.9,6.5
15.5,16.0,16.0,13.6,36595.0,25.4,22.7,70.0,1.3,0.0
12.2,16.0,11.6,10.0,18538.0,27.2,23.1,68.0,1.5,0.0
12.9,16.0,12.9,9.9,22943.0,26.4,25.5,73.0,1.2,0.3
15.7,17.2,16.0,13.3,44212.0,25.5,24.0,75.0,1.4,12.1
13.9,18.0,13.9,9.8,14530.0,25.9,22.8,70.0,1.3,1.0
16.5,18.0,17.7,11.5,37616.0,24.9,18.6,71.0,1.9,27.5
14.3,18.0,14.3,10.3,26215.0,20.0,16.7,57.0,3.3,0.0
15.5,18.0,16.4,10.0,29147.0,21.4,18.9,70.0,1.8,1.9
13.3,18.0,13.5,8.0,16920.0,23.9,19.7,70.0,0.7,4.9
15.3,18.0,16.6,8.6,32676.0,23.9,20.2,71.0,1.7,0.5
15.3,18.0,16.5,8.7,27263.0,17.6,15.1,81.0,3.0,15.5
12.2,16.0,12.2,8.5,14052.0,19.4,15.1,58.0,2.6,0.0
12.5,16.0,12.5,9.1,12201.0,21.2,15.1,53.0,2.3,0.0
5.3,8.3,5.1,3.0,2043.0,23.9,18.5,59.0,1.3,0.0
14.9,16.0,16.0,10.2,60841.0,25.4,23.2,76.0,2.7,0.4
12.6,16.0,13.3,7.2,16557.0,27.4,23.4,69.0,1.1,0.0
13.0,16.0,13.0,10.0,11010.0,27.2,25.0,75.0,1.2,3.8
14.6,16.0,15.6,10.0,23460.0,23.8,22.4,73.0,4.9,0.0
13.4,16.0,13.7,10.0,12190.0,26.7,22.7,69.0,1.2,0.0
14.7,16.0,15.8,10.0,24904.0,25.7,23.6,79.0,1.3,3.2
16.0,16.0,16.0,16.0,13150.0,28.2,23.3,68.0,2.4,0.0
12.7,16.0,12.8,9.3,11271.0,28.6,25.8,66.0,1.4,0.0
12.7,16.0,12.8,8.9,22491.0,27.0,24.6,74.0,1.5,6.2
13.9,16.0,14.4,10.0,47090.0,26.2,23.5,73.0,2.0,0.0
13.0,16.0,13.0,10.0,13020.0,26.0,21.6,76.0,1.8,42.0
14.0,16.0,14.6,10.0,31850.0,21.2,20.4,88.0,1.8,32.5
16.0,16.0,16.0,16.0,4460.0,23.2,20.2,77.0,3.0,6.0
10.2,13.0,10.2,7.4,5157.0,25.8,23.2,65.0,4.2,0.0
15.0,15.0,15.0,15.0,10.0,24.7,21.9,71.0,3.6,3.8
12.9,14.7,12.9,11.0,2042.0,25.0,23.8,77.0,3.6,2.6
11.4,13.3,11.3,9.6,8980.0,26.4,24.1,73.0,3.3,0.0
10.7,15.7,10.2,7.0,17337.0,27.9,24.7,70.0,1.1,0.0
13.5,17.0,13.5,10.0,10890.0,27.0,22.7,74.0,2.1,10.7
13.5,17.0,13.5,10.0,6000.0,22.8,21.9,81.0,2.2,1.0
13.5,17.0,13.5,10.0,4530.0,23.7,21.8,69.0,3.0,4.0
13.5,17.0,13.5,10.0,16840.0,23.7,21.7,77.0,5.1,0.0
20.0,25.0,20.0,15.0,11560.0,26.3,23.1,74.0,4.6,0.0
19.0,19.0,19.0,19.0,112.0,27.0,24.9,76.0,1.6,2.3
20.0,20.0,20.0,20.0,18.0,28.6,24.4,73.0,1.9,0.2
15.6,20.0,15.6,11.0,11372.0,30.1,26.6,64.0,1.9,0.0
18.3,25.5,18.8,9.5,5968.0,25.5,23.9,85.0,1.6,163.0
13.7,20.0,12.5,11.0,6060.0,25.2,23.6,90.0,0.8,17.5
15.0,20.0,14.7,11.0,13890.0,27.8,24.8,79.0,0.9,0.1
15.0,20.0,14.7,11.0,5070.0,29.2,26.0,74.0,1.2,0.0
15.1,20.0,14.8,11.0,5550.0,30.1,26.1,69.0,1.2,0.0
9.0,10.7,8.9,7.8,872.0,29.3,27.0,72.0,1.9,2.1
15.7,18.6,15.0,15.0,236.0,30.0,26.5,69.0,1.3,0.0
16.5,22.0,16.2,12.0,5800.0,28.4,25.9,78.0,1.5,8.3
17.0,17.0,17.0,17.0,9.0,27.5,24.7,79.0,1.3,22.5
21.2,27.3,21.4,14.7,11638.0,27.8,24.9,79.0,1.1,35.5
12.0,12.0,12.0,12.0,1220.0,25.1,23.0,85.0,1.5,62.6
19.3,25.0,19.1,14.0,1880.0,22.6,22.0,87.0,2.3,48.0
11.9,12.8,12.0,10.5,280.0,24.0,22.2,90.0,1.1,33.0
19.5,25.0,19.5,14.0,4520.0,24.1,22.6,89.0,1.8,19.0
20.2,28.0,19.3,15.0,5770.0,26.6,23.6,82.0,1.0,1.0
23.4,24.0,23.3,23.0,113.0,29.0,24.6,65.0,1.8,0.0
21.1,28.0,20.7,15.0,2150.0,29.5,26.5,68.0,1.1,0.2
21.5,28.0,21.4,15.0,9190.0,29.6,25.5,67.0,1.6,0.0
36.1,40.0,36.4,31.5,216.0,30.1,26.5,68.0,1.4,0.0
29.7,31.7,30.0,26.5,244.0,30.6,27.2,64.0,2.3,0.0
30.4,33.0,30.3,28.0,25.0,31.0,27.7,63.0,1.8,0.0
16.0,16.0,16.0,16.0,54.0,30.4,27.8,67.0,1.5,0.0
14.9,16.0,15.6,12.0,340.0,30.3,26.7,65.0,1.4,0.0
15.3,19.7,15.5,10.4,22661.0,30.2,27.0,65.0,1.0,0.0
15.0,15.0,15.0,15.0,4050.0,29.1,26.6,70.0,1.0,13.0
18.9,20.0,19.3,16.6,3201.0,29.5,25.2,68.0,1.2,0.0
20.0,20.0,20.0,20.0,35.0,28.9,24.2,68.0,1.3,29.5
20.0,20.0,20.0,20.0,9.0,28.7,26.0,69.0,1.6,7.5
13.0,14.3,13.2,11.3,30784.0,29.8,25.6,64.0,1.5,0.0
11.5,15.0,11.5,8.0,368.0,30.3,27.3,62.0,1.6,0.0
21.5,28.0,21.5,15.0,4890.0,28.5,24.7,68.0,1.4,17.0
21.5,28.0,21.5,15.0,10960.0,28.3,25.7,71.0,1.2,35.6
15.0,15.0,15.0,15.0,43.0,29.1,26.3,72.0,1.2,19.7
18.9,25.0,18.6,14.0,10900.0,29.4,26.9,70.0,0.9,3.0
18.9,25.0,18.6,14.0,5580.0,30.4,26.9,67.0,1.2,0.0
17.3,24.1,17.4,10.1,13341.0,31.0,27.1,62.0,1.2,0.0
22.0,22.0,22.0,22.0,49.0,30.7,27.5,61.0,1.4,0.0
13.6,18.0,13.3,10.0,21830.0,31.4,27.6,56.0,2.4,0.0
19.6,21.0,19.7,18.0,78.0,30.8,27.8,57.0,1.4,0.0
13.5,18.0,13.1,9.9,10006.0,31.5,28.2,61.0,1.2,0.0
12.7,14.9,12.9,9.8,35771.0,31.6,27.6,56.0,1.5,0.0
14.0,18.0,14.0,10.0,12340.0,32.0,27.8,55.0,1.7,0.0
18.0,18.0,18.0,18.0,11.0,31.9,27.6,56.0,1.9,0.0
8.0,8.0,8.0,8.0,90.0,31.4,28.0,60.0,1.6,24.2
13.6,18.0,13.3,10.0,5500.0,31.3,28.1,62.0,1.2,0.0
7.2,11.8,6.0,6.0,93.0,31.5,28.0,58.0,1.2,0.0
10.7,14.0,10.5,8.0,5512.0,30.7,28.2,60.0,1.4,11.3
12.3,14.0,13.1,8.0,20670.0,30.5,27.3,58.0,2.1,0.0
6.0,9.3,5.6,4.0,806.0,30.9,28.3,68.0,3.6,5.4
14.0,14.0,14.0,14.0,10.0,31.1,26.4,64.0,4.4,12.3
10.5,14.0,10.4,7.5,9646.0,28.8,26.2,72.0,1.9,5.5
10.7,14.0,10.5,8.0,16410.0,30.0,26.5,65.0,1.4,0.0
5.8,7.0,5.7,5.0,84.0,28.7,25.4,77.0,1.1,101.0
10.4,11.0,11.0,7.9,5002.0,29.5,26.5,75.0,1.2,4.0
9.9,12.8,10.2,6.3,27242.0,29.3,26.7,79.0,1.3,21.5
5.9,6.0,6.0,5.4,151.0,31.6,26.7,66.0,2.2,0.0
10.0,10.0,10.0,10.0,252.0,32.7,28.9,60.0,1.6,0.0
10.7,14.0,10.5,8.0,10980.0,32.7,29.4,55.0,3.1,0.0
5.0,5.0,5.0,5.0,120.0,32.5,29.0,56.0,2.6,0.0
10.6,14.0,10.2,8.0,10580.0,32.1,28.4,60.0,1.9,0.1
10.0,13.1,10.0,7.0,11010.0,31.8,28.9,64.0,1.5,0.0
12.9,18.1,12.6,8.4,11431.0,32.3,28.9,62.0,1.3,0.0
7.7,8.0,7.8,7.1,797.0,32.2,28.3,60.0,1.6,0.0
10.9,13.4,11.3,7.5,13093.0,31.6,28.2,63.0,1.6,0.0
10.9,13.7,11.1,7.8,13247.0,31.0,28.3,66.0,1.3,0.2
14.6,17.0,15.2,10.6,8280.0,31.8,27.8,61.0,1.2,0.0
18.6,25.3,18.8,11.4,13149.0,31.4,28.2,61.0,1.9,0.0
13.1,18.0,12.8,9.0,10860.0,30.2,27.6,70.0,3.4,3.3
13.1,18.0,12.8,9.0,11040.0,30.8,28.0,62.0,4.8,0.5
21.1,24.3,22.4,13.8,7705.0,30.4,27.5,66.0,1.6,1.7
24.2,26.4,25.2,18.9,8047.0,30.0,27.3,72.0,1.3,7.6
10.0,10.0,10.0,10.0,126.0,31.0,26.6,63.0,2.3,0.0
18.6,29.2,18.6,8.0,15964.0,30.3,25.5,66.0,1.7,24.0
20.8,25.0,20.6,17.1,12393.0,30.4,26.2,65.0,2.4,0.0
8.0,8.0,8.0,8.0,90.0,30.9,28.2,64.0,3.8,0.0
33.0,33.0,33.0,33.0,10.0,30.3,28.4,65.0,3.6,0.0
25.7,29.8,26.1,20.3,6978.0,29.9,27.5,67.0,4.3,1.0
18.0,23.0,18.0,13.0,2690.0,27.6,25.7,79.0,3.8,39.6
26.1,33.7,29.6,8.3,14382.0,25.7,24.8,85.0,1.2,52.5
24.3,32.2,26.0,11.0,11104.0,28.3,24.4,77.0,1.3,0.1
18.0,23.0,18.1,13.0,3178.0,30.8,29.5,67.0,1.8,0.0
17.5,23.0,17.2,13.0,8600.0,29.5,26.7,74.0,1.3,31.8
15.8,21.0,15.7,10.8,3479.0,29.8,27.0,68.0,1.3,0.0
11.0,11.0,11.0,11.0,3060.0,30.4,26.2,62.0,1.4,0.0
12.6,17.6,12.2,8.7,5217.0,30.2,26.4,65.0,3.2,5.0
10.5,14.3,10.4,6.8,11915.0,27.0,25.8,75.0,1.3,23.1
12.7,14.6,13.0,9.8,5939.0,26.9,24.0,68.0,2.2,11.2
21.0,21.0,21.0,21.0,9.0,29.9,26.2,58.0,1.7,0.0
13.2,16.4,13.5,9.2,9332.0,27.5,24.8,60.0,2.8,0.0
18.0,18.0,18.0,18.0,13.0,27.2,23.2,57.0,3.1,0.0
10.3,13.1,10.4,7.3,13676.0,29.8,25.4,58.0,1.5,0.0
10.7,14.1,10.7,7.0,11533.0,31.0,27.4,58.0,1.0,0.0
4.1,4.7,4.0,4.0,1467.0,30.9,27.9,59.0,1.5,0.0
11.1,13.5,11.3,8.2,1857.0,30.7,28.0,61.0,2.1,0.0
9.8,13.4,9.9,6.1,7373.0,31.4,28.9,59.0,1.5,0.0
8.9,13.0,8.3,6.5,6334.0,30.7,27.1,59.0,1.4,0.0
10.2,13.1,10.5,6.7,7817.0,31.6,27.3,57.0,1.3,0.0
14.0,16.5,14.8,9.0,7937.0,32.0,27.5,54.0,1.5,0.0
12.4,15.3,12.9,8.0,4386.0,30.7,27.8,58.0,1.6,0.0
20.0,20.0,20.0,20.0,13.0,28.7,26.9,70.0,4.2,0.0
14.0,18.0,14.0,10.0,3770.0,31.5,28.3,59.0,1.5,0.0
14.4,19.0,14.7,9.1,8422.0,31.4,27.8,63.0,1.1,0.0
15.6,18.0,16.2,11.1,5567.0,29.8,27.0,69.0,3.1,0.2
11.0,15.2,10.6,7.9,3476.0,26.5,24.8,80.0,3.5,7.8
18.0,18.0,18.0,18.0,1950.0,28.0,25.4,72.0,4.4,0.0
10.4,15.7,9.9,6.5,2226.0,28.2,26.7,78.0,4.2,0.7
14.0,18.0,14.0,10.0,2730.0,27.9,26.4,80.0,4.9,11.0
14.7,17.7,14.6,12.0,4254.0,30.3,27.8,67.0,4.0,0.0
28.0,28.0,28.0,28.0,110.0,30.1,27.4,68.0,4.0,0.1
6.7,7.0,7.0,5.4,119.0,28.6,24.7,74.0,4.1,7.7
14.4,20.0,15.2,6.6,190.0,25.6,24.6,87.0,3.4,118.2
20.4,22.0,20.9,17.4,276.0,24.9,24.0,85.0,4.8,77.9
14.0,18.0,14.0,10.0,3130.0,26.1,25.4,89.0,1.8,32.5
8.4,9.0,8.6,7.1,1273.0,28.2,24.4,77.0,2.2,0.0
15.1,17.0,14.8,14.0,435.0,26.4,25.3,79.0,3.2,1.9
14.9,17.0,15.2,12.0,181.0,25.3,23.9,82.0,2.1,4.6
15.3,19.8,14.8,12.1,2822.0,24.2,22.8,84.0,2.5,9.7
14.0,18.0,14.0,10.0,840.0,23.0,21.6,83.0,1.9,2.0
10.9,14.4,10.9,7.2,2023.0,21.9,19.4,55.0,1.5,0.0
14.0,18.0,13.9,10.0,1050.0,21.9,19.1,63.0,1.5,0.0
20.1,24.7,19.9,16.3,1963.0,22.1,20.0,69.0,2.2,0.2
14.0,18.0,14.0,10.0,3010.0,23.0,21.6,61.0,3.0,0.0
10.0,10.0,10.0,10.0,600.0,23.1,19.0,61.0,2.3,0.0
18.0,18.0,18.0,18.0,9.0,23.0,20.2,65.0,1.3,0.1
16.6,19.6,16.2,15.0,1167.0,22.3,19.8,65.0,2.2,1.0
18.0,18.0,18.0,18.0,290.0,20.4,18.7,62.0,2.8,0.4
14.0,18.0,14.0,10.0,3570.0,21.4,19.3,66.0,2.9,0.5
17.8,23.0,18.4,11.0,979.0,23.7,20.5,76.0,2.9,0.5
18.0,18.0,18.0,18.0,16.0,25.6,21.9,72.0,1.4,0.0
14.0,18.0,14.0,10.0,2400.0,22.9,21.2,80.0,1.4,14.1
11.8,13.0,12.0,10.3,1273.0,20.7,18.9,75.0,4.9,0.0
18.0,18.0,18.0,18.0,301.0,25.7,22.0,69.0,4.0,0.5
16.4,17.0,16.5,15.2,651.0,23.5,21.9,79.0,4.3,0.3
10.7,13.4,10.0,10.0,1314.0,21.6,20.3,78.0,3.6,1.5
18.0,18.0,18.0,18.0,334.0,22.8,21.2,81.0,1.9,29.5
14.0,18.0,14.0,10.0,2840.0,23.0,22.0,78.0,2.6,2.3
15.9,17.0,15.9,14.8,679.0,25.5,23.0,75.0,3.3,0.0
10.0,10.0,10.0,10.0,655.0,26.2,23.5,71.0,0.8,0.0
8.2,8.9,8.0,8.0,216.0,17.6,16.4,80.0,3.8,15.0
3.8,4.0,4.0,3.1,580.0,18.9,18.1,84.0,2.7,11.0
8.2,14.3,6.9,5.9,2577.0,20.0,17.8,84.0,1.0,5.0
18.0,18.0,18.0,18.0,408.0,17.3,16.2,76.0,2.2,3.5
14.0,18.0,14.0,10.0,8540.0,18.3,17.5,69.0,3.3,0.5
7.5,8.0,7.8,6.2,192.0,20.5,18.9,84.0,1.5,1.8
18.0,18.0,18.0,18.0,378.0,21.6,19.5,80.0,4.0,1.1
8.5,11.0,8.4,6.4,1406.0,26.0,21.7,68.0,3.4,0.0
7.5,8.7,7.5,6.5,1683.0,25.7,22.7,73.0,1.4,0.0
6.6,8.4,6.5,5.0,852.0,22.4,19.5,77.0,3.9,0.4
8.0,8.0,8.0,8.0,58.0,19.2,18.8,80.0,4.4,1.2
14.0,18.0,14.0,10.0,10370.0,20.4,19.4,82.0,2.8,0.4
18.0,18.0,18.0,18.0,370.0,15.1,13.6,72.0,2.0,7.9
18.0,18.0,18.0,18.0,340.0,19.1,16.2,77.0,4.3,0.0
18.0,18.0,18.0,18.0,355.0,16.4,14.7,65.0,3.1,0.0
14.0,18.0,14.0,10.0,1500.0,19.3,16.5,71.0,2.2,0.0
14.0,18.0,14.0,10.0,5040.0,18.8,17.3,65.0,4.2,0.0
14.0,18.0,14.0,10.0,1610.0,16.0,15.0,81.0,2.7,1.3
14.0,18.0,14.0,10.0,4900.0,20.9,18.3,76.0,1.9,0.3
14.0,18.0,14.0,10.0,1630.0,12.1,10.1,64.0,1.4,0.0
14.0,18.0,14.0,10.0,1760.0,10.5,8.3,67.0,2.5,16.6
33.3,33.3,33.3,33.3,300.0,12.7,10.7,83.0,3.5,9.5
14.0,18.0,14.0,10.0,1800.0,12.6,11.6,83.0,2.2,4.5
100.0,100.0,100.0,100.0,24.0,14.2,12.4,55.0,3.0,0.0
19.6,23.0,20.0,15.0,640.0,15.8,12.9,58.0,3.4,0.0
14.0,18.0,14.0,10.0,2010.0,18.1,12.3,64.0,0.9,0.0
106.4,110.0,107.3,100.0,55.0,20.6,17.4,68.0,1.2,0.0
100.0,100.0,100.0,100.0,48.0,21.3,16.6,65.0,0.9,0.0
101.0,105.1,100.0,100.0,49.0,19.1,17.2,79.0,1.6,0.0
100.0,100.0,100.0,100.0,48.0,16.8,15.4,82.0,2.6,0.2
28.5,30.0,29.4,24.2,1650.0,15.0,13.8,86.0,2.8,19.1
100.0,100.0,100.0,100.0,48.0,16.4,14.2,75.0,4.2,0.0
21.6,26.8,21.5,16.6,10967.0,15.9,15.1,91.0,0.8,6.4
100.0,100.0,100.0,100.0,32.0,17.0,14.9,74.0,3.7,0.1
100.0,100.0,100.0,100.0,44.0,20.0,17.3,73.0,1.5,0.0
19.3,20.0,19.7,17.6,783.0,17.9,16.5,90.0,0.7,19.3
17.4,21.0,17.3,14.2,37389.0,21.0,14.9,79.0,3.6,0.0
100.0,100.0,100.0,100.0,4.0,22.5,19.2,73.0,0.8,0.0
100.0,100.0,100.0,100.0,24.0,24.1,20.9,80.0,0.8,0.1
100.0,100.0,100.0,100.0,16.0,22.1,16.3,82.0,2.4,1.3
18.0,18.0,18.0,18.0,8.0,13.8,11.4,89.0,1.1,25.3
18.4,28.0,18.0,10.0,12180.0,13.6,11.4,64.0,2.6,0.0
7.4,8.0,7.3,7.0,192.0,19.4,14.9,51.0,3.5,0.0
13.0,14.5,12.8,12.0,9641.0,20.2,14.9,56.0,0.9,0.0
15.7,18.0,16.8,10.0,11919.0,20.8,15.9,65.0,0.9,0.0
9.6,10.3,9.8,8.0,11682.0,22.8,18.0,66.0,1.1,0.4
14.0,18.0,14.0,10.0,6050.0,22.2,19.3,75.0,1.2,1.4
18.0,18.0,18.0,18.0,11520.0,20.3,17.9,80.0,2.2,0.5
8.5,12.0,8.1,6.2,80360.0,22.8,19.1,75.0,1.1,0.0
7.4,11.0,6.9,5.3,49676.0,24.3,19.9,71.0,0.9,0.0
8.4,10.4,8.4,6.8,18076.0,19.3,15.2,86.0,1.8,6.3
10.2,13.7,9.6,8.6,10351.0,15.6,13.1,68.0,2.0,0.4
17.3,18.0,18.0,14.3,21120.0,15.1,12.0,61.0,2.7,0.0
12.4,14.0,12.5,10.7,1079.0,18.6,11.5,55.0,2.3,0.0
14.0,18.0,14.0,10.0,8500.0,22.8,20.1,54.0,2.9,0.0
14.0,18.0,14.0,10.0,10990.0,23.0,19.2,60.0,1.3,0.0
17.9,18.0,18.0,17.5,23839.0,21.8,18.9,72.0,1.7,0.1
10.0,10.0,10.0,10.0,84.0,23.4,19.5,69.0,2.7,0.0
11.0,11.0,11.0,11.0,600.0,25.1,21.5,57.0,3.4,0.0
9.4,10.0,9.3,9.0,952.0,23.7,21.1,61.0,4.0,0.0
11.6,12.0,11.6,11.0,341.0,24.9,21.2,52.0,2.8,0.0
9.1,10.1,9.2,7.8,5537.0,24.9,20.4,61.0,1.2,0.0
18.0,18.0,18.0,18.0,4310.0,25.0,21.5,67.0,1.3,0.0
10.5,15.0,9.8,8.0,492.0,25.1,21.1,67.0,1.1,0.0
11.9,17.5,11.5,7.3,21981.0,25.7,22.1,67.0,0.9,0.0
12.6,16.3,13.5,5.9,4603.0,19.8,14.6,73.0,2.8,0.5
11.3,15.0,11.2,8.0,11659.0,19.7,15.2,53.0,2.9,0.0
13.4,18.0,13.7,8.0,20620.0,22.3,16.2,58.0,1.5,0.0
13.1,15.2,13.2,10.6,12768.0,23.7,18.3,60.0,1.2,0.0
11.4,15.0,11.3,7.9,11567.0,25.8,21.4,67.0,1.4,0.0
11.0,11.0,11.0,10.8,479.0,25.0,22.9,81.0,1.1,17.1
11.5,15.0,11.5,8.0,10970.0,26.8,22.6,75.0,0.8,0.0
19.6,56.1,11.3,8.0,12416.0,19.2,18.1,76.0,4.5,3.6
10.1,13.0,10.0,7.6,1848.0,19.5,16.0,60.0,4.5,5.7
11.5,15.0,11.5,8.0,7050.0,17.4,15.6,76.0,2.7,14.0
18.0,18.0,18.0,17.9,6873.0,20.5,16.7,65.0,3.8,0.0
11.5,15.0,11.5,8.0,2910.0,24.2,19.7,62.0,2.5,0.0
11.5,15.0,11.5,8.0,11482.0,25.1,21.8,60.0,3.0,0.0
18.1,47.4,11.8,8.0,17385.0,27.3,23.1,63.0,1.1,0.0
11.9,15.9,11.8,8.0,17710.0,27.7,24.3,64.0,1.4,0.0
7.0,7.0,7.0,7.0,360.0,23.0,19.9,76.0,2.6,10.5
6.0,6.0,6.0,6.0,389.0,20.9,19.3,63.0,4.0,0.0
8.9,9.9,8.8,8.0,897.0,22.8,19.4,61.0,3.5,0.0
11.5,15.0,11.5,8.0,11040.0,23.7,21.1,68.0,2.8,1.8
13.4,18.0,13.7,8.0,36956.0,26.2,22.5,68.0,1.3,0.0
17.7,18.0,18.0,16.7,7292.0,26.9,23.5,68.0,1.3,0.1
13.7,18.0,14.1,8.0,23898.0,27.6,24.3,67.0,1.4,0.0
11.0,15.0,10.6,8.0,13813.0,28.8,24.6,66.0,1.9,0.0
13.3,18.0,13.5,8.0,22137.0,22.1,20.0,69.0,4.6,1.4
11.1,18.0,10.7,5.3,31417.0,24.2,21.7,57.0,4.3,0.0
9.7,15.0,9.4,5.4,16697.0,27.9,23.6,64.0,1.5,0.0
10.9,15.0,10.9,6.7,11485.0,28.8,25.6,67.0,1.6,0.0
11.7,18.0,12.1,4.2,20625.0,25.1,22.2,73.0,2.6,32.1
13.6,18.0,14.2,7.2,18925.0,23.0,21.8,64.0,3.9,5.4
11.2,15.0,11.2,7.4,11562.0,23.4,21.2,58.0,4.3,0.0
5.0,5.0,5.0,5.0,540.0,25.8,22.5,58.0,2.4,0.0
6.0,6.0,6.0,6.0,156.0,28.1,24.3,64.0,1.7,0.0
6.0,6.0,6.0,6.0,242.0,28.8,25.5,63.0,1.2,0.0
5.0,5.0,5.0,5.0,150.0,28.8,25.4,67.0,1.1,0.0
13.2,18.0,13.4,7.7,26665.0,29.7,25.6,67.0,1.5,0.0
12.7,17.9,12.6,8.0,25210.0,30.7,27.5,67.0,1.3,0.0
5.0,5.0,5.0,5.0,150.0,30.7,26.9,63.0,1.5,0.0
15.3,18.0,16.1,10.0,10901.0,29.8,27.4,66.0,1.5,0.0
8.2,8.8,8.0,8.0,539.0,30.0,25.8,63.0,1.3,0.0
4.0,4.0,4.0,4.0,125.0,27.1,23.5,66.0,3.3,0.0
6.7,7.2,6.9,5.4,2530.0,27.5,23.5,63.0,2.3,0.0
5.0,5.0,5.0,5.0,135.0,29.6,25.4,64.0,1.4,0.0
15.2,18.0,16.8,7.7,5084.0,31.1,26.1,60.0,1.7,0.0
11.5,15.0,11.5,8.0,11050.0,30.8,27.6,64.0,1.4,0.0
12.8,19.8,12.0,8.0,16571.0,30.0,27.1,67.0,1.6,7.0
18.0,18.0,18.0,18.0,5080.0,29.6,26.0,67.0,1.6,1.5
14.0,18.0,14.7,8.0,18090.0,30.7,26.5,64.0,1.4,0.0
18.0,18.0,18.0,18.0,4600.0,24.7,22.2,72.0,4.3,1.2
11.5,15.0,11.5,8.0,29080.0,27.2,25.2,72.0,2.7,0.0
11.5,15.0,11.5,8.0,11630.0,28.6,25.5,70.0,2.8,0.0
17.7,18.0,18.0,16.3,7089.0,29.8,25.7,66.0,1.9,4.5
12.6,17.5,12.5,8.0,13270.0,28.3,25.9,79.0,1.8,30.0
14.2,18.0,15.0,8.0,28980.0,29.4,25.9,70.0,4.4,0.0
13.6,18.0,14.1,8.0,17020.0,30.1,27.7,68.0,4.2,0.0
14.5,18.0,16.1,6.0,29370.0,28.0,26.0,74.0,1.7,13.0
15.1,20.4,16.0,7.1,12843.0,25.8,23.9,79.0,1.3,8.5
8.0,8.0,8.0,8.0,119.0,28.1,22.4,53.0,2.9,0.0
8.0,8.0,8.0,8.0,115.0,28.0,25.5,57.0,3.9,0.0
11.5,15.0,11.5,8.0,13100.0,26.1,24.4,76.0,3.9,2.3
14.8,20.0,15.2,8.5,16786.0,25.0,24.2,81.0,1.7,4.3
18.0,23.4,18.0,12.6,5815.0,28.6,25.7,70.0,2.8,0.0
16.4,23.0,16.3,10.0,7640.0,28.5,26.5,73.0,1.7,5.9
13.5,17.0,13.5,10.0,2300.0,29.3,25.8,66.0,2.2,0.0
34.9,41.0,34.5,30.0,83.0,30.0,26.9,63.0,1.4,0.0
18.6,20.0,19.0,15.9,192.0,29.4,26.1,69.0,1.8,2.0
34.7,37.0,35.4,30.4,60.0,28.5,25.9,78.0,1.5,1.0
13.5,17.0,13.5,10.0,7890.0,29.7,26.4,69.0,1.3,0.0
12.0,17.0,10.9,10.0,11100.0,30.5,26.9,69.0,1.6,0.0
10.0,10.0,10.0,10.0,52.0,30.7,27.1,64.0,1.6,0.0
16.8,24.5,17.7,6.6,17635.0,31.0,26.7,59.0,1.5,0.0
21.2,24.4,22.2,14.8,7905.0,31.2,26.7,61.0,1.8,9.4
8.0,8.0,8.0,8.0,208.0,29.3,26.4,70.0,1.6,15.0
22.0,22.0,22.0,22.0,220.0,30.4,26.2,65.0,1.7,0.0
18.6,30.5,18.0,8.2,20026.0,31.7,28.5,56.0,2.4,0.0
17.5,22.0,17.8,12.0,2860.0,31.4,27.6,56.0,3.2,0.0
17.0,22.0,17.0,12.0,3770.0,31.9,29.4,53.0,2.9,0.0
21.2,26.1,21.5,15.3,16916.0,30.2,27.8,61.0,2.0,0.0
10.0,10.0,10.0,10.0,23.0,30.6,26.9,61.0,1.8,0.0
17.0,22.0,17.0,12.0,6890.0,29.8,25.5,65.0,1.5,0.0
14.0,17.0,14.0,11.0,685.0,30.6,26.7,59.0,3.4,0.0
7.3,8.0,7.2,7.0,192.0,28.4,26.6,75.0,2.7,34.8
17.5,19.0,17.6,16.0,135.0,27.9,24.9,84.0,2.8,71.6
17.0,22.0,17.0,12.0,3760.0,30.0,26.8,65.0,2.7,0.0
8.5,10.0,8.1,8.0,95.0,30.9,28.5,58.0,3.9,0.0
14.5,22.0,12.8,12.0,6090.0,30.2,28.3,57.0,4.3,0.0
6.0,6.0,6.0,6.0,242.0,30.1,26.8,65.0,4.7,0.0
12.0,12.0,12.0,12.0,2500.0,31.1,28.9,60.0,4.8,0.0
7.0,8.0,6.9,6.0,524.0,31.0,28.5,59.0,4.3,0.0
7.5,9.0,7.2,7.0,449.0,30.6,28.2,66.0,4.0,0.0
14.6,17.0,15.7,9.1,1429.0,29.8,27.6,66.0,3.8,0.0
9.0,9.0,9.0,9.0,72.0,29.0,25.9,75.0,1.0,7.5
8.0,8.0,8.0,8.0,96.0,29.9,28.1,67.0,1.2,10.6
9.9,13.7,9.9,6.2,40898.0,29.3,26.6,74.0,1.2,12.1
8.7,11.0,8.8,6.0,45.0,29.8,26.6,72.0,1.1,3.3
6.0,6.0,6.0,6.0,189.0,30.8,27.1,66.0,1.3,0.0
9.4,11.5,9.6,7.0,21635.0,31.8,28.5,61.0,1.5,0.0
17.0,22.0,17.0,12.0,9230.0,32.2,29.1,61.0,1.5,0.0
5.0,5.0,5.0,5.0,128.0,32.5,28.3,59.0,1.5,0.0
5.0,5.0,5.0,5.0,480.0,32.1,29.1,64.0,1.8,0.0
10.0,10.0,10.0,10.0,82.0,32.3,29.2,59.0,2.2,0.0
17.0,22.0,17.0,12.0,6070.0,29.8,25.6,69.0,1.8,5.0
6.9,7.0,7.0,6.3,161.0,30.9,27.6,65.0,1.7,0.0
7.7,9.9,7.5,6.0,17224.0,30.8,28.0,63.0,2.2,6.0
5.0,5.0,5.0,5.0,21.0,30.7,26.1,63.0,2.7,1.5
9.1,10.8,9.2,7.2,12034.0,30.5,27.3,62.0,2.8,0.0
8.7,12.6,8.2,6.1,13367.0,30.1,27.0,63.0,2.0,0.0
15.5,22.0,14.5,12.0,10810.0,30.9,26.9,63.0,1.7,0.0
14.9,22.0,13.6,11.7,10994.0,29.3,26.4,74.0,1.5,19.0
8.4,11.3,8.1,6.4,13816.0,30.3,27.3,69.0,2.2,1.0
10.4,11.0,10.4,10.0,3523.0,28.1,26.5,80.0,1.1,15.0
12.2,13.9,12.7,9.4,2141.0,29.6,26.3,70.0,1.3,19.0
11.1,14.0,11.4,7.6,5115.0,30.6,27.5,64.0,1.3,13.5
12.4,14.7,12.0,11.0,3254.0,29.7,26.9,71.0,1.4,35.0
20.2,21.0,20.4,19.0,4145.0,28.5,26.6,76.0,1.3,7.0
8.3,9.0,8.1,8.0,403.0,28.6,26.2,74.0,1.6,3.0
16.9,24.5,17.2,8.0,6406.0,29.6,26.7,70.0,1.4,0.0
23.0,28.9,22.8,17.8,4621.0,30.4,27.1,65.0,2.7,0.0
18.2,26.6,17.0,13.2,12795.0,29.9,28.3,69.0,3.7,0.0
4.0,4.0,4.0,4.0,142.0,28.0,26.3,78.0,1.4,5.5
10.0,10.0,10.0,10.0,108.0,29.0,26.9,73.0,1.8,19.5
13.0,18.5,13.1,7.0,9644.0,27.3,25.2,80.0,1.2,10.5
8.5,16.4,7.2,4.2,6046.0,27.3,25.0,79.0,1.2,15.0
6.6,11.4,5.9,4.0,4649.0,26.3,24.5,81.0,1.2,26.0
7.8,13.0,6.9,5.3,5269.0,26.9,24.3,77.0,1.8,1.8
9.5,12.6,10.1,4.7,2839.0,28.2,24.5,72.0,1.5,0.0
15.9,17.7,15.6,15.0,884.0,30.1,25.2,61.0,2.0,0.0
15.0,15.0,15.0,15.0,120.0,31.0,26.3,61.0,1.6,0.0
11.5,14.0,11.5,9.0,80.0,29.8,26.5,66.0,1.8,2.5
11.0,13.0,11.0,9.0,80.0,29.8,26.8,70.0,1.3,1.5
14.0,16.0,14.0,12.0,80.0,28.4,26.1,77.0,1.3,36.5
15.3,19.0,15.8,10.0,615.0,24.0,22.6,94.0,2.1,18.0
15.3,16.5,15.0,15.0,334.0,24.9,22.8,82.0,3.4,10.0
5.0,5.0,5.0,5.0,32.0,29.4,25.3,65.0,2.5,0.5
8.0,8.0,8.0,8.0,100.0,29.6,26.8,67.0,1.4,0.0
12.0,12.0,12.0,12.0,600.0,30.2,26.7,60.0,3.1,0.0
12.0,12.0,12.0,12.0,460.0,29.8,27.7,65.0,4.4,0.1
12.0,20.0,10.0,10.0,5250.0,29.9,27.4,66.0,4.4,2.0
11.7,13.0,11.5,11.0,128.0,31.3,27.2,62.0,1.4,0.0
8.0,8.0,8.0,8.0,90.0,30.9,27.6,62.0,2.7,0.0
20.5,24.0,20.9,15.7,1990.0,30.4,27.7,59.0,3.2,0.0
17.6,25.0,19.5,4.7,2203.0,29.9,26.6,61.0,1.4,0.0
15.3,18.8,15.0,12.4,10777.0,29.8,26.8,67.0,1.7,0.0
13.8,16.0,13.5,12.3,12980.0,28.8,27.1,72.0,2.2,0.5
11.4,13.6,11.4,9.2,11918.0,26.6,24.6,77.0,2.1,10.6
7.3,9.1,7.0,6.4,3035.0,27.5,25.3,66.0,3.2,0.9
8.8,11.5,9.0,5.5,7244.0,24.5,23.3,82.0,1.4,8.8
10.8,13.0,11.3,7.0,13825.0,25.6,23.7,79.0,2.0,7.5
7.8,10.0,7.8,5.6,7649.0,25.1,23.8,81.0,1.3,3.0
17.0,20.0,18.3,10.0,3200.0,24.2,20.4,62.0,2.5,0.0
11.5,12.0,12.0,9.4,21953.0,26.2,22.8,54.0,3.1,0.0
5.8,7.1,6.0,4.1,7418.0,24.9,22.3,55.0,2.8,0.0
6.8,8.9,6.7,5.0,1452.0,24.6,21.3,61.0,2.8,1.0
7.1,8.0,7.1,6.1,3679.0,22.7,21.0,76.0,1.5,1.6
6.3,8.5,6.3,4.0,6267.0,25.6,20.8,63.0,1.7,0.5
6.6,8.5,6.6,4.8,16721.0,23.8,21.9,74.0,2.9,0.2
4.5,5.0,4.6,4.0,72.0,24.2,23.0,82.0,2.2,3.9
3.0,3.0,3.0,3.0,76.0,24.6,22.9,83.0,2.5,6.8
6.8,7.8,6.9,5.3,5970.0,23.3,22.0,82.0,2.3,14.4
7.3,8.2,7.2,6.7,8205.0,21.3,20.4,85.0,2.2,8.5
13.0,20.0,11.7,10.0,1220.0,19.7,18.5,86.0,2.8,27.5
7.8,9.8,7.8,6.0,5602.0,23.8,21.4,80.0,3.5,0.1
7.7,8.9,8.0,5.6,1045.0,24.8,23.5,77.0,2.9,0.0
13.5,20.0,12.5,10.0,3720.0,24.4,22.0,79.0,1.1,2.2
10.5,11.7,10.6,9.0,1713.0,21.3,20.6,88.0,1.2,31.3
9.6,10.0,9.6,8.9,2357.0,23.2,20.9,70.0,3.1,1.8
10.7,12.0,10.8,8.9,1669.0,21.5,20.6,75.0,3.0,5.3
11.1,13.0,11.4,8.5,2157.0,24.0,21.1,66.0,3.1,0.0
11.2,13.0,11.3,9.4,1097.0,24.9,21.2,69.0,1.2,0.0
10.0,10.0,10.0,10.0,160.0,23.2,22.6,81.0,1.6,8.1
8.3,9.8,8.4,6.5,1320.0,23.9,22.5,73.0,3.2,0.0
13.0,13.0,13.0,13.0,200.0,25.3,22.7,71.0,3.2,0.0
11.4,12.0,12.0,8.9,648.0,25.5,22.0,70.0,1.7,1.5
13.0,20.0,11.6,10.0,1380.0,20.6,17.3,55.0,2.4,0.0
6.9,8.8,6.6,6.0,3165.0,21.5,16.1,51.0,2.8,0.0
9.0,9.0,9.0,9.0,540.0,23.0,20.5,61.0,4.9,1.1
9.0,9.0,9.0,9.0,484.0,20.2,18.6,80.0,3.5,6.9
10.0,11.9,10.4,6.8,1362.0,19.5,18.8,83.0,4.1,5.4
13.0,20.0,11.7,10.0,2170.0,21.4,19.7,87.0,4.4,15.6
7.7,9.0,7.6,6.7,2314.0,24.5,23.0,78.0,2.1,0.0
10.0,10.0,10.0,10.0,238.0,23.9,22.2,84.0,2.7,3.6
13.0,20.0,11.7,10.0,3870.0,25.6,23.0,73.0,3.8,0.0
4.0,4.0,4.0,4.0,150.0,25.6,22.7,73.0,1.3,0.0
7.6,8.0,7.5,7.5,468.0,23.0,21.8,77.0,4.1,0.2
8.0,8.0,8.0,8.0,234.0,24.9,21.2,69.0,1.2,0.0
10.0,10.0,10.0,10.0,180.0,24.1,22.5,72.0,1.9,0.0
13.0,20.0,11.7,10.0,4010.0,21.9,20.4,67.0,4.2,0.0
6.0,6.0,6.0,6.0,360.0,24.7,22.4,70.0,2.3,0.0
10.4,16.0,9.3,8.0,4060.0,19.0,17.9,80.0,2.3,10.2
10.4,16.0,9.3,8.0,3450.0,21.0,19.3,79.0,1.5,2.5
9.8,14.0,9.0,8.0,5460.0,17.9,16.7,85.0,3.5,1.0
9.8,14.0,9.0,8.0,3760.0,16.1,13.3,64.0,2.1,0.9
9.8,14.0,9.0,8.0,3780.0,22.1,18.0,70.0,3.0,0.0
9.8,14.0,9.0,8.0,4500.0,17.5,15.3,82.0,2.7,6.0
9.8,14.0,9.0,8.0,1250.0,17.0,15.7,88.0,3.9,5.7
9.8,14.0,9.0,8.0,3040.0,19.6,18.1,80.0,2.4,0.0
9.8,14.0,9.0,8.0,4240.0,16.6,15.5,86.0,3.8,14.0
22.0,29.0,21.8,15.6,1929.0,18.2,15.3,57.0,4.5,0.0
20.1,26.9,20.1,13.3,2468.0,19.1,14.9,68.0,1.1,0.0
16.3,18.0,16.2,15.0,5849.0,16.2,11.9,60.0,3.4,0.0
9.8,14.0,9.0,8.0,1375.0,17.8,16.2,62.0,3.7,0.0
11.4,12.0,11.3,11.0,3252.0,18.9,15.4,68.0,2.8,0.0
10.4,14.0,10.0,8.0,2660.0,15.5,14.3,62.0,3.1,0.0
9.6,10.5,9.4,9.0,3424.0,17.9,12.6,66.0,2.9,0.0
10.3,11.6,10.2,9.2,3517.0,20.0,17.2,65.0,3.5,0.0
9.8,14.0,9.0,8.0,4950.0,20.9,16.6,63.0,1.0,0.0
8.7,10.0,8.8,7.0,3864.0,19.9,15.0,65.0,2.7,0.0
8.2,9.3,8.3,7.0,4191.0,15.0,13.9,73.0,3.9,0.0
7.6,8.3,7.8,6.5,4989.0,21.8,16.5,70.0,1.2,0.0
9.8,14.0,9.0,8.0,5650.0,18.2,16.9,79.0,3.3,0.0
9.9,11.0,10.1,8.0,2377.0,18.5,16.8,79.0,1.6,0.1
6.8,7.6,6.8,6.0,1588.0,20.8,16.9,75.0,1.9,0.0
8.0,8.0,8.0,8.0,1184.0,22.1,17.2,69.0,2.2,0.0
12.2,14.0,12.9,8.0,107.0,16.9,16.3,76.0,2.9,0.0
8.6,11.1,8.5,6.5,2940.0,16.8,15.0,82.0,3.5,0.0
9.4,10.5,9.6,7.8,6292.0,16.7,15.6,79.0,4.1,0.0
9.2,10.0,9.3,8.0,3146.0,20.7,16.7,78.0,3.7,0.0
11.0,14.0,11.0,8.0,3080.0,18.9,17.9,81.0,3.1,0.0
9.3,12.0,9.1,7.2,8921.0,19.1,18.2,81.0,2.8,0.0
7.9,8.6,8.0,7.0,438.0,21.3,18.6,77.0,1.6,0.0
10.7,13.7,10.7,7.6,5052.0,16.8,15.0,80.0,4.3,0.0
11.0,14.0,11.0,8.0,7410.0,20.3,17.3,84.0,1.8,1.3
10.0,11.2,10.3,8.2,14273.0,20.7,16.4,79.0,1.9,1.1
9.8,14.0,9.0,8.0,5360.0,23.0,19.5,77.0,1.3,0.0
9.8,14.0,9.0,8.0,10540.0,21.4,19.6,79.0,2.8,0.3
11.0,14.0,11.0,8.0,5250.0,17.8,15.4,85.0,2.6,4.0
10.3,11.0,10.9,7.8,16779.0,15.4,14.5,92.0,2.9,53.4
8.2,9.2,8.1,7.7,6997.0,17.3,15.8,85.0,2.4,0.6
9.8,14.0,9.0,8.0,4670.0,18.1,16.8,75.0,4.5,0.0
9.3,11.0,9.1,8.0,13770.0,20.8,17.3,75.0,0.8,13.5
8.6,11.0,8.3,7.0,12690.0,18.8,17.5,79.0,2.8,0.0
12.4,15.0,12.9,8.0,10480.0,18.9,16.7,86.0,1.4,8.5
10.4,15.0,9.9,7.4,23005.0,18.4,17.0,71.0,4.1,0.0
11.0,15.0,11.6,5.2,19499.0,19.9,16.4,70.0,3.6,0.9
11.0,14.0,11.0,8.0,7070.0,15.3,12.4,91.0,4.0,17.8
12.1,15.0,12.6,8.0,25110.0,16.9,15.7,89.0,1.5,19.1
15.0,15.0,15.0,15.0,10000.0,16.9,15.8,70.0,3.0,13.4
14.3,17.5,14.7,10.1,11819.0,20.6,13.7,55.0,2.3,0.0
9.6,10.0,9.9,8.4,239.0,20.9,16.3,60.0,3.2,0.0
11.0,14.0,11.0,8.0,10990.0,21.1,17.9,63.0,2.1,0.0
11.0,14.0,11.0,8.0,5660.0,17.5,15.3,69.0,2.1,7.0
12.6,15.0,13.3,8.0,12240.0,19.7,17.3,80.0,2.3,1.3
11.0,14.0,11.0,8.0,10560.0,21.4,18.7,78.0,1.2,0.1
15.0,15.0,15.0,15.0,6300.0,21.4,19.5,73.0,3.5,0.0
11.0,14.0,11.0,8.0,9890.0,25.0,20.0,68.0,1.0,0.0
9.9,10.0,10.0,9.3,533.0,26.2,22.3,70.0,1.5,0.0
11.0,14.0,11.0,8.0,16190.0,20.6,17.5,77.0,3.8,5.2
13.5,15.0,14.7,8.3,10000.0,16.9,14.1,85.0,3.5,7.0
11.0,14.0,11.0,8.0,5290.0,18.4,17.3,89.0,0.9,19.9
13.1,17.0,13.5,8.0,25770.0,20.2,17.6,71.0,4.6,0.0
18.0,18.0,18.0,18.0,8540.0,23.3,18.5,70.0,1.2,0.0
11.7,15.8,11.6,8.0,5796.0,25.7,21.0,67.0,1.8,0.0
7.0,7.0,7.0,7.0,250.0,23.6,19.0,75.0,1.6,14.5
14.4,18.0,15.3,8.0,22640.0,19.2,16.4,69.0,5.0,0.1
11.9,16.4,11.6,8.0,8260.0,16.5,15.2,80.0,4.3,5.9
14.4,18.0,15.3,8.0,33250.0,19.8,17.2,76.0,3.2,0.1
13.0,18.0,13.0,8.0,22561.0,20.6,18.8,83.0,1.4,0.9
6.0,6.0,6.0,6.0,27.0,24.1,21.0,75.0,2.1,0.1
11.0,14.0,11.0,8.0,16780.0,21.5,20.1,77.0,1.8,0.2
14.3,18.0,15.1,8.0,21349.0,25.4,21.2,67.0,1.5,0.0
13.7,18.0,14.2,8.0,37763.0,26.8,22.0,63.0,0.9,0.0
12.2,15.0,12.9,7.2,4509.0,27.4,23.1,65.0,1.3,0.0
16.9,18.0,18.0,12.5,5758.0,25.6,20.6,70.0,3.2,0.0
8.3,10.0,8.1,7.0,3916.0,21.5,18.5,80.0,2.7,18.0
11.6,15.0,12.5,5.2,19116.0,19.7,18.4,74.0,4.5,0.1
11.9,17.4,11.5,7.8,72380.0,22.9,18.5,74.0,1.7,3.5
6.4,9.2,6.0,4.8,14073.0,20.2,17.7,72.0,4.4,3.1
13.4,17.0,14.5,6.6,36315.0,22.6,19.6,69.0,2.5,0.0
10.3,16.9,10.0,4.6,20703.0,25.4,19.9,69.0,1.2,0.0
11.4,17.0,12.0,4.2,7297.0,24.8,22.0,84.0,1.2,8.1
12.3,18.0,12.2,7.1,22824.0,25.4,22.8,85.0,1.0,33.0
10.9,14.0,10.9,7.9,14054.0,26.9,23.3,82.0,1.4,8.4
7.1,9.2,7.0,5.3,4200.0,28.7,24.6,74.0,1.3,0.0
13.6,15.0,14.8,8.5,29997.0,29.1,25.5,73.0,1.4,0.0
8.9,13.0,8.1,6.9,8010.0,29.3,25.8,67.0,1.3,0.0
11.7,15.0,12.2,6.8,15085.0,26.5,24.8,73.0,3.7,0.0
13.9,17.0,15.2,7.0,18501.0,25.7,23.8,78.0,1.7,0.0
9.9,13.0,9.8,7.0,2258.0,27.5,23.3,72.0,1.0,0.0
26.8,30.0,26.6,24.0,31.0,28.0,24.3,71.0,1.5,0.0
24.5,26.0,24.5,23.0,20.0,21.5,20.0,95.0,1.5,56.1
9.7,14.0,9.0,7.5,4985.0,19.9,18.4,86.0,3.0,11.5
11.2,14.0,11.3,8.0,13149.0,22.2,18.6,68.0,3.4,1.6
11.0,14.0,11.0,8.0,11196.0,25.0,22.3,64.0,3.3,0.6
16.5,20.0,17.7,9.2,19005.0,21.1,19.1,86.0,3.2,14.5
16.3,20.0,17.9,7.7,16818.0,19.1,17.9,89.0,3.7,6.8
12.0,12.0,12.0,12.0,50.0,21.6,19.4,88.0,2.4,1.0
13.0,17.0,13.0,9.0,5390.0,21.2,20.0,95.0,2.5,13.0
12.3,17.0,11.9,9.0,7880.0,26.7,23.2,77.0,3.3,0.0
8.0,8.0,8.0,8.0,66.0,28.5,24.8,70.0,1.5,0.0
18.3,20.4,18.9,14.4,4027.0,27.5,24.9,75.0,1.4,0.0
14.0,18.0,14.0,10.0,3920.0,27.3,24.7,78.0,1.3,0.0
20.6,23.0,23.0,11.2,11520.0,29.1,26.1,73.0,1.5,0.1
10.0,10.0,10.0,10.0,470.0,26.5,24.5,91.0,1.0,63.0
17.4,23.0,17.5,11.9,22820.0,30.3,26.4,70.0,1.6,0.0
15.0,15.0,15.0,15.0,60.0,24.6,22.6,89.0,2.2,77.4
12.0,12.0,12.0,12.0,40.0,23.5,21.9,58.0,3.4,0.0
13.6,18.0,13.3,10.0,4677.0,23.9,21.6,64.0,2.1,0.0
13.0,13.0,13.0,13.0,392.0,23.9,21.4,81.0,2.8,4.0
14.7,20.0,14.6,9.8,3965.0,27.4,23.8,65.0,3.7,0.0
18.5,25.0,18.5,12.0,5210.0,28.5,24.7,63.0,1.3,0.0
15.9,25.0,14.2,12.0,5080.0,27.6,24.9,78.0,1.1,30.5
14.3,16.0,14.4,12.3,412.0,24.4,22.2,90.0,2.5,53.5
13.6,19.6,13.2,8.9,8297.0,23.0,22.3,69.0,3.2,0.0
18.6,23.4,19.1,12.0,19550.0,26.2,22.4,75.0,1.9,0.7
13.4,25.0,11.4,8.0,721.0,28.2,24.8,73.0,1.7,0.0
15.9,25.0,14.2,12.0,16470.0,30.0,25.7,70.0,2.1,0.0
20.5,20.5,20.5,20.5,23149.0,28.4,25.9,76.0,0.9,2.5
25.0,25.0,25.0,25.0,306.0,27.8,26.2,81.0,1.1,3.4
14.6,23.0,14.0,8.0,7857.0,29.3,25.7,74.0,1.3,1.1
19.5,19.5,19.5,19.5,21000.0,30.1,26.1,71.0,1.6,0.0
14.9,25.0,13.8,8.0,415.0,30.3,27.5,70.0,1.8,0.0
15.9,25.0,14.2,12.0,12370.0,30.5,26.6,65.0,2.1,0.0
13.1,18.9,12.7,8.3,10774.0,27.5,25.4,84.0,1.4,15.0
23.0,23.0,23.0,23.0,22238.0,24.8,23.2,99.0,1.7,111.5
12.5,21.3,11.7,6.1,18061.0,24.2,22.5,90.0,2.8,29.6
11.6,22.8,10.1,5.1,9542.0,24.7,22.6,96.0,1.2,36.0
15.9,25.0,14.2,12.0,7510.0,24.6,23.4,91.0,1.3,57.5
15.9,25.0,14.2,12.0,11410.0,28.6,23.5,61.0,2.2,0.0
15.9,25.0,14.2,12.0,5960.0,29.3,26.0,69.0,1.4,0.1
15.9,25.0,14.2,12.0,24570.0,29.7,26.5,75.0,1.6,0.0
14.7,18.0,15.6,8.6,5508.0,31.6,27.0,67.0,1.8,0.0
15.9,25.0,14.2,12.0,11370.0,32.0,28.3,64.0,1.8,0.0
23.5,23.5,23.5,23.5,22290.0,32.3,27.9,62.0,2.5,0.0
23.3,23.5,23.5,22.4,3100.0,26.2,24.6,98.0,1.4,57.1
23.5,23.5,23.5,23.5,10520.0,25.4,24.1,96.0,2.5,7.0
19.6,24.6,20.5,12.0,21710.0,27.6,24.6,83.0,1.4,38.5
17.5,20.5,18.7,11.1,16645.0,27.6,24.5,85.0,1.3,11.5
11.6,14.0,12.0,8.0,349.0,28.3,25.2,84.0,1.5,30.5
11.3,12.0,11.2,11.0,68.0,30.7,26.3,71.0,1.2,0.0
20.4,24.4,21.8,12.0,13430.0,30.8,28.3,73.0,1.4,0.0
23.5,23.5,23.5,23.5,8070.0,31.0,28.4,70.0,2.0,0.2
18.1,27.7,18.0,9.0,13055.0,29.2,26.3,85.0,1.7,98.0
15.9,25.0,14.2,12.0,3939.0,29.0,25.7,82.0,1.3,40.5
15.8,25.0,14.1,11.7,5629.0,30.4,27.3,72.0,1.1,27.7
13.9,14.0,14.0,13.7,6624.0,31.3,27.3,62.0,2.6,0.0
17.3,20.0,17.5,14.0,25940.0,31.7,27.8,64.0,1.9,0.0
12.6,14.0,12.9,10.0,508.0,31.3,27.9,67.0,1.7,0.0
14.0,14.0,14.0,14.0,11070.0,31.3,27.5,64.0,2.2,0.0
7.0,7.0,7.0,7.0,38.0,31.5,27.3,64.0,1.8,0.0
18.2,19.5,18.5,16.1,5100.0,30.2,28.0,76.0,1.9,6.5
10.0,10.0,10.0,10.0,108.0,29.1,26.8,80.0,1.8,16.5
6.0,6.0,6.0,6.0,51.0,31.2,28.0,68.0,1.9,2.5
13.6,14.0,14.0,12.2,220.0,31.1,27.5,69.0,1.8,0.0
10.0,10.0,10.0,10.0,176.0,31.4,28.0,63.0,2.9,0.0
13.8,14.0,14.0,12.8,3829.0,30.2,26.5,79.0,1.3,14.5
14.0,14.0,14.0,14.0,9150.0,29.3,26.2,82.0,1.2,8.0
8.5,12.6,8.3,5.1,26619.0,28.2,24.9,86.0,1.2,120.7
12.0,12.0,12.0,12.0,2510.0,27.9,24.8,84.0,1.2,20.4
20.0,20.0,20.0,19.9,11326.0,29.2,25.6,81.0,1.5,2.0
12.8,16.0,12.0,12.0,3020.0,30.7,27.0,73.0,1.3,0.0
10.0,10.0,10.0,10.0,4150.0,29.8,26.5,77.0,1.6,77.0
10.4,12.1,10.0,10.0,329.0,30.0,26.8,73.0,1.7,0.0
13.0,20.0,11.7,10.0,4310.0,30.9,27.2,69.0,1.2,0.0
11.6,16.0,10.9,9.5,5922.0,31.4,28.0,65.0,2.4,0.0
11.8,16.0,11.0,10.0,7960.0,31.6,28.3,60.0,3.5,0.0
17.0,17.0,17.0,17.0,10780.0,31.9,28.7,59.0,3.1,0.0
11.9,16.1,11.2,10.0,11700.0,30.8,28.2,64.0,3.1,0.0
11.8,16.0,11.0,10.0,16480.0,31.5,28.7,68.0,3.5,0.0
18.5,18.5,18.5,18.5,11500.0,30.8,28.3,75.0,3.7,2.4
14.0,17.2,14.3,10.0,6003.0,30.7,28.4,69.0,3.3,0.0
12.0,16.4,12.0,7.5,5796.0,29.6,28.0,82.0,2.9,10.1
17.4,25.1,16.8,11.3,2018.0,29.1,26.4,91.0,2.0,27.5
17.5,25.6,15.6,14.7,2963.0,28.9,26.4,87.0,4.4,42.2
16.0,16.0,16.0,16.0,25.0,32.3,28.4,64.0,2.6,0.0
24.9,30.0,23.8,23.0,2493.0,30.7,29.1,73.0,1.2,0.1
25.9,33.3,26.2,17.5,4999.0,31.7,27.6,63.0,1.7,0.0
18.0,18.0,18.0,18.0,112.0,31.9,27.1,64.0,1.7,0.0
24.3,27.0,24.8,20.0,2438.0,31.5,29.1,65.0,1.7,0.0
22.0,30.6,20.8,17.0,4683.0,28.9,26.0,80.0,1.5,18.5
15.0,15.0,15.0,15.0,13.0,27.4,25.5,87.0,1.8,7.5
15.5,21.4,15.0,11.2,4911.0,28.3,25.1,76.0,2.3,0.2
13.8,17.1,14.8,7.6,3967.0,28.1,25.7,82.0,1.2,70.5
28.3,35.0,29.9,17.0,464.0,30.1,25.3,71.0,2.4,0.0
32.8,35.0,33.7,28.0,256.0,30.5,28.0,72.0,4.2,0.3
36.7,41.1,36.4,33.0,280.0,30.4,27.6,73.0,1.7,0.2
21.0,33.4,20.3,11.0,2260.0,30.4,27.3,72.0,1.5,0.0
10.0,10.0,10.0,10.0,3000.0,31.0,27.2,63.0,2.3,0.0
34.7,40.0,37.0,22.7,940.0,31.8,29.3,61.0,3.4,0.0
34.7,40.2,34.6,29.5,1461.0,31.9,28.7,66.0,1.7,0.0
11.8,16.0,11.0,10.0,3180.0,28.8,26.1,86.0,1.3,20.5
30.8,46.0,29.3,19.9,670.0,31.4,29.1,61.0,3.5,0.0
28.3,38.9,28.8,16.4,866.0,31.3,28.0,62.0,2.9,0.0
17.0,17.0,17.0,17.0,20.0,30.6,28.5,64.0,4.0,0.0
29.0,41.9,29.5,14.9,1179.0,27.2,25.7,90.0,1.9,12.2
23.4,30.5,23.7,15.0,4956.0,26.4,25.0,99.0,1.1,38.9
25.4,30.0,26.8,16.5,5407.0,29.2,24.9,81.0,1.5,11.5
11.8,16.0,11.0,10.0,3050.0,28.5,25.9,73.0,1.4,0.0
19.8,23.2,20.7,13.7,14476.0,29.4,24.5,64.0,1.6,0.0
19.0,22.2,20.0,12.8,10241.0,30.5,26.4,61.0,2.8,0.0
13.0,18.0,13.1,8.0,487.0,31.1,28.3,64.0,3.7,0.0
19.5,25.0,18.8,16.3,7302.0,30.3,28.0,72.0,3.9,0.0
11.8,16.0,11.0,10.0,1890.0,29.9,27.8,72.0,3.1,0.0
12.0,12.0,12.0,12.0,20.0,26.6,24.5,90.0,1.3,15.7
16.6,22.6,15.6,13.4,7273.0,27.1,25.3,82.0,2.0,2.7
11.8,16.0,11.0,10.0,1540.0,26.4,24.3,79.0,2.1,2.5
11.6,14.0,11.8,8.5,19973.0,26.0,23.4,72.0,2.2,0.7
10.3,13.8,9.9,7.7,15684.0,22.9,19.8,99.0,1.8,21.0
11.8,16.0,11.0,10.0,3130.0,23.6,20.3,84.0,1.0,0.0
8.9,10.3,9.3,6.6,11941.0,24.5,21.7,75.0,1.9,0.0
9.8,13.5,9.4,7.1,13438.0,24.7,23.5,72.0,2.3,0.0
18.3,20.8,17.9,17.0,2326.0,25.7,23.5,63.0,3.7,0.0
14.9,17.9,14.8,12.1,4154.0,25.7,24.4,84.0,3.3,1.9
12.7,14.0,13.2,9.9,2070.0,25.1,24.1,97.0,2.9,22.0
11.8,16.0,11.0,10.0,3730.0,27.0,24.6,99.0,3.2,38.5
9.4,10.0,9.7,7.7,513.0,25.3,23.6,100.0,4.5,79.0
8.9,10.1,9.2,7.0,6691.0,27.8,23.8,83.0,3.1,12.5
11.3,15.6,11.2,7.0,602.0,28.6,24.6,73.0,1.4,0.0
20.0,20.0,20.0,20.0,25.0,28.6,25.1,73.0,1.4,0.0
11.7,16.4,11.8,6.8,1198.0,28.3,24.2,68.0,2.1,0.0
16.0,16.0,16.0,16.0,140.0,27.9,26.2,72.0,4.1,0.0
12.7,14.9,12.7,10.2,1317.0,28.1,25.8,73.0,3.9,0.0
11.0,13.0,11.7,6.7,1346.0,27.0,24.3,76.0,4.2,2.7
11.8,16.0,11.0,10.0,1210.0,25.9,24.0,81.0,3.3,3.1
13.5,15.0,13.6,12.0,499.0,26.0,23.4,67.0,2.4,0.0
14.0,17.0,13.6,12.0,1769.0,26.0,21.9,70.0,1.8,0.0
11.9,16.0,11.2,10.0,2110.0,26.0,24.7,73.0,3.0,0.0
20.0,20.0,20.0,20.0,544.0,25.1,22.1,69.0,2.9,0.7
8.0,10.0,7.6,7.0,670.0,23.2,21.8,80.0,2.0,0.3
18.4,19.0,18.3,18.0,796.0,24.0,22.1,70.0,2.6,0.0
13.1,14.0,13.2,12.0,1667.0,23.2,20.1,72.0,1.9,0.0
12.4,14.0,12.8,9.5,2506.0,23.5,20.9,69.0,2.0,0.0
15.0,15.0,15.0,15.0,800.0,23.1,21.6,68.0,2.2,0.0
12.5,14.0,13.0,9.5,200.0,24.1,19.9,64.0,2.6,0.0
15.0,15.0,15.0,15.0,18.0,24.6,22.1,70.0,2.4,0.0
10.0,10.0,10.0,10.0,420.0,24.6,22.8,68.0,2.7,0.0
19.0,19.0,19.0,19.0,200.0,24.7,22.2,64.0,3.1,0.0
10.5,15.2,10.4,6.1,620.0,24.7,23.0,74.0,3.2,0.0
11.8,16.0,11.0,10.0,1590.0,22.5,21.5,88.0,2.1,2.1
11.8,16.0,11.1,10.0,650.0,22.9,22.0,82.0,3.5,0.0
10.0,10.0,10.0,10.0,1870.0,24.2,23.0,81.0,3.2,0.0
14.1,15.0,14.0,13.5,1992.0,23.1,21.2,73.0,2.6,0.0
11.1,12.0,11.2,10.0,440.0,22.2,20.9,76.0,2.9,0.4
10.6,12.0,10.3,10.0,204.0,23.8,21.7,69.0,3.6,0.0
11.8,16.0,11.0,10.0,1860.0,21.5,17.4,63.0,2.6,0.0
11.8,16.0,11.0,10.0,2460.0,21.5,17.1,68.0,3.2,0.0
15.9,18.0,16.8,11.2,1020.0,23.3,20.1,61.0,3.9,0.0
14.6,17.0,15.2,10.0,1058.0,23.8,19.4,67.0,2.3,0.0
13.0,20.0,11.6,10.0,1810.0,21.0,19.3,71.0,3.6,0.8
11.8,16.0,11.0,10.0,2290.0,24.0,19.1,71.0,1.3,0.0
11.7,13.0,12.1,9.0,180.0,21.9,19.0,86.0,3.1,0.8
12.0,13.8,12.2,10.0,914.0,18.8,17.2,85.0,4.4,0.2
13.1,15.0,13.5,10.0,1119.0,23.8,21.5,87.2,2.2,0.0
10.6,12.0,11.2,7.2,1621.0,21.5,19.0,90.0,4.2,2.9
13.0,20.0,11.7,10.0,3600.0,20.4,19.1,78.0,4.3,0.0
9.5,10.0,9.8,8.0,653.0,19.0,16.0,74.0,3.3,1.0
11.8,16.0,11.0,10.0,2440.0,16.9,15.3,67.0,2.7,0.0
13.1,20.0,11.8,10.0,2880.0,20.3,16.1,71.0,1.4,0.0
20.0,20.0,20.0,20.0,30.0,20.5,18.0,73.0,3.4,0.0
13.0,20.0,11.7,10.0,3910.0,22.5,19.6,67.0,3.1,0.0
13.0,20.0,11.6,10.0,3080.0,19.7,17.5,82.0,3.2,0.0
13.0,20.0,11.7,10.0,2870.0,20.0,18.3,82.0,1.8,0.0
13.0,20.0,11.7,10.0,2600.0,15.7,13.8,86.0,4.2,0.0
15.0,15.0,15.0,15.0,56.0,22.1,19.4,71.0,3.7,0.0
13.0,20.0,11.7,10.0,2040.0,21.6,17.7,74.0,0.8,0.0
10.0,10.0,10.0,10.0,140.0,19.2,16.6,66.0,4.0,0.0
18.5,18.5,18.5,18.5,11000.0,15.7,14.4,77.0,2.6,0.0
25.0,25.0,25.0,25.0,384.0,17.7,15.8,79.0,2.6,0.1
22.5,23.0,22.8,21.0,366.0,18.2,16.4,80.0,3.4,0.0
20.9,22.0,21.2,19.1,1724.0,19.6,17.3,77.0,1.6,0.1
14.6,15.7,14.5,14.0,2896.0,15.9,13.5,83.0,1.8,2.2
3.0,3.0,3.0,3.0,150.0,14.8,14.2,88.0,1.5,2.0
9.1,9.9,9.2,8.0,3212.0,15.9,13.7,73.0,2.4,0.0
13.0,20.0,11.7,10.0,2730.0,18.3,14.7,67.0,3.6,0.0
9.3,11.4,9.3,7.3,5804.0,20.8,15.6,68.0,0.9,0.0
18.5,18.5,18.5,18.5,5200.0,21.6,17.2,74.0,1.2,0.0
13.0,20.0,11.6,10.0,2010.0,21.3,19.2,83.0,1.6,0.4
13.0,20.0,11.7,10.0,2620.0,17.8,15.7,95.0,1.5,24.5
13.0,20.0,11.7,10.0,3150.0,14.7,13.5,86.0,1.9,2.1
13.0,20.0,11.7,10.0,2960.0,14.0,11.6,79.0,1.8,0.5
18.5,18.5,18.5,18.5,5000.0,12.0,10.0,77.0,1.2,5.4
12.9,20.0,11.5,10.0,3111.0,11.9,8.8,59.0,1.8,0.0
10.6,11.4,10.6,9.7,4440.0,12.0,7.1,60.0,2.3,0.0
12.7,13.0,12.8,12.0,1454.0,17.7,13.1,62.0,2.0,0.0
11.2,11.8,11.1,11.0,6912.0,17.9,14.1,74.0,1.4,0.1
10.4,11.0,10.5,9.7,4716.0,17.1,16.0,92.0,1.3,8.1
18.5,18.5,18.5,18.5,10500.0,16.0,15.3,85.0,2.8,6.8
13.6,15.1,13.4,12.7,2263.0,19.4,15.9,74.0,3.3,0.0
14.0,20.0,13.3,10.0,3010.0,16.7,15.5,87.0,2.0,3.8
11.1,15.0,10.5,9.0,6765.0,14.9,14.1,74.0,2.7,0.0
10.0,10.2,10.0,10.0,7151.0,16.9,13.4,62.0,3.6,0.0
18.5,18.5,18.5,18.5,9350.0,19.2,15.4,68.0,1.1,0.0
7.8,8.5,7.8,7.0,2488.0,21.5,15.3,67.0,0.9,0.0
9.3,11.0,9.2,7.9,13080.0,22.3,18.1,75.0,1.3,0.7
9.4,10.0,9.7,8.0,5172.0,21.7,18.5,82.0,1.5,1.8
8.8,10.8,8.8,7.1,28102.0,14.3,10.4,83.0,3.2,8.0
11.1,12.0,11.8,8.2,16202.0,11.8,10.1,57.0,2.5,0.0
8.2,9.6,8.1,7.0,13674.0,13.9,10.0,53.0,3.8,0.0
14.0,20.0,13.3,10.0,2110.0,18.0,13.6,59.0,2.2,0.0
10.4,11.5,10.1,10.0,1408.0,18.0,14.5,76.0,3.0,0.0
9.0,10.0,9.0,8.0,1394.0,20.8,17.7,70.0,2.1,0.0
14.0,20.0,13.3,10.0,3620.0,19.4,17.1,73.0,4.4,0.0
14.3,20.0,13.8,10.0,5570.0,23.1,19.7,67.0,2.3,0.0
11.7,13.0,11.5,11.0,6173.0,23.5,17.8,66.0,1.1,0.0
16.4,19.1,17.5,10.2,22190.0,23.1,19.1,70.0,2.7,0.0
9.1,10.4,9.0,8.0,9896.0,19.4,18.7,81.0,4.4,0.0
9.0,10.0,9.0,8.0,4811.0,21.9,19.4,76.0,1.6,0.0
9.6,10.0,9.6,9.0,4623.0,21.2,18.3,77.0,1.8,0.0
15.8,20.0,15.8,10.0,11490.0,17.6,16.0,73.0,4.5,0.0
17.5,17.5,17.5,17.5,10570.0,20.4,16.8,72.0,3.7,0.0
13.8,20.0,13.1,10.0,7460.0,18.3,15.0,82.0,3.3,2.0
8.2,9.2,8.1,7.7,16791.0,14.8,13.8,87.0,3.9,15.0
8.2,9.2,8.2,7.0,14084.0,23.4,20.1,76.0,2.9,0.0
10.2,12.9,10.0,7.8,5564.0,23.9,20.3,77.0,1.3,1.1
17.0,17.0,17.0,17.0,7000.0,17.9,15.9,87.0,2.6,66.0
17.0,17.0,17.0,17.0,7200.0,17.8,16.3,62.0,4.3,0.0
14.0,20.0,13.3,10.0,4400.0,20.8,18.1,72.0,1.2,1.1
11.8,15.0,11.0,11.0,85.0,19.6,18.0,94.0,1.1,67.0
14.3,15.6,15.0,10.9,24570.0,17.6,13.0,56.0,3.1,0.0
10.0,11.0,10.2,8.2,411.0,19.7,15.0,47.0,3.8,0.0
14.0,15.8,14.8,10.0,14350.0,21.5,17.8,56.0,1.4,0.0
15.0,15.0,15.0,15.0,9000.0,21.0,17.9,75.0,0.8,0.4
12.4,16.0,12.0,10.0,6050.0,20.4,18.9,89.0,0.8,6.0
15.0,15.0,15.0,15.0,126.0,21.7,19.3,77.0,3.1,0.0
11.6,14.0,11.4,10.0,6914.0,25.8,21.5,70.0,1.5,0.6
10.8,14.0,10.7,8.2,8990.0,21.5,19.0,79.0,3.9,2.0
11.3,14.0,11.2,9.2,7803.0,21.9,19.4,78.0,4.5,0.4
11.6,14.0,11.3,10.0,5800.0,25.0,20.5,75.0,1.0,0.6
15.0,15.0,15.0,15.0,7460.0,27.0,22.1,65.0,1.2,0.0
6.1,7.1,6.0,5.5,2724.0,24.8,21.4,78.0,1.8,30.1
14.6,15.0,15.0,12.9,7962.0,17.8,14.8,75.0,3.2,0.0
9.1,9.6,9.0,9.0,215.0,20.2,18.6,82.0,1.4,0.5
7.4,10.0,7.6,4.0,475.0,21.0,18.4,83.0,1.9,1.6
12.8,15.0,13.1,10.0,9650.0,18.0,17.0,85.0,2.9,4.4
10.0,10.0,10.0,10.0,200.0,19.1,16.6,85.0,3.3,15.2
11.6,14.0,11.4,9.8,5592.0,20.2,17.9,85.0,2.3,1.7
13.4,16.5,13.6,9.9,15656.0,17.7,16.0,72.0,2.9,1.0
13.8,17.0,14.1,10.0,9690.0,18.3,17.3,79.0,3.1,6.0
13.2,15.0,13.7,10.0,24987.0,17.2,15.8,85.0,1.3,2.0
12.1,15.0,12.0,9.5,7989.0,19.0,16.8,75.0,2.3,4.0
8.0,8.0,8.0,8.0,162.0,20.2,17.8,74.0,2.6,0.8
11.3,14.0,11.3,8.6,20244.0,23.0,19.0,60.0,4.0,0.0
13.4,15.0,14.0,10.0,23552.0,15.5,12.1,82.0,1.5,15.0
11.2,14.1,11.1,8.4,6495.0,17.1,10.3,52.0,2.0,0.0
11.9,14.6,11.6,10.0,5291.0,20.6,14.5,49.0,2.1,0.0
17.6,18.0,18.0,16.1,19910.0,21.4,17.7,57.0,1.7,0.0
11.7,14.0,11.6,9.5,11165.0,23.6,15.8,57.0,1.3,0.0
7.0,7.0,7.0,7.0,126.0,24.2,18.8,66.0,1.4,0.0
13.9,18.0,14.1,9.3,28313.0,25.7,22.7,75.0,0.9,0.0
8.3,10.8,8.4,5.5,2501.0,24.1,23.0,76.0,3.8,0.0
12.5,18.4,11.8,8.9,14652.0,23.0,20.7,79.0,2.0,4.2
15.7,18.5,16.7,10.0,11930.0,19.4,18.2,82.0,4.4,1.3
9.9,12.0,10.5,6.0,7108.0,17.9,15.8,88.0,4.2,16.1
11.2,14.0,11.2,8.7,11206.0,16.8,15.6,88.0,3.8,7.5
13.2,14.0,13.9,10.0,15900.0,21.0,19.1,82.0,1.5,0.2
10.2,14.0,10.7,5.0,6588.0,22.3,21.0,76.0,3.3,1.4
13.3,14.0,14.0,10.5,12810.0,24.0,20.0,59.0,4.6,0.0
11.7,14.0,11.5,10.0,23190.0,25.9,21.7,57.0,2.6,0.0
11.5,14.0,12.2,7.1,12551.0,26.7,20.7,58.0,1.2,0.0
9.5,14.0,9.6,4.8,5987.0,27.1,22.8,58.0,0.9,0.0
12.399999618530273,14.0,12.0,8.699999809265137,63.0,24.200000762939453,21.899999618530273,53.5,2.0,0.4000000059604645
11.800000190734863,14.0,11.300000190734863,7.699999809265137,63.0,24.799999237060547,23.100000381469727,53.5,1.7999999523162842,0.5
12.199999809265137,13.899999618530273,11.699999809265137,9.0,63.0,23.899999618530273,22.799999237060547,53.5,2.200000047683716,0.800000011920929
12.0,14.0,11.300000190734863,8.5,63.0,24.100000381469727,23.399999618530273,53.5,2.0999999046325684,0.800000011920929
12.100000381469727,13.899999618530273,11.399999618530273,8.800000190734863,63.0,23.5,23.399999618530273,53.5,2.200000047683716,1.5
12.199999809265137,14.0,11.300000190734863,8.800000190734863,63.0,23.5,23.899999618530273,53.5,2.200000047683716,1.2999999523162842
12.5,13.899999618530273,11.399999618530273,9.100000381469727,63.0,23.0,24.0,53.5,2.200000047683716,1.600000023841858
12.5,13.899999618530273,11.300000190734863,9.100000381469727,63.0,23.0,24.299999237060547,53.5,2.200000047683716,1.5
12.600000381469727,13.899999618530273,11.300000190734863,9.300000190734863,63.0,22.600000381469727,24.5,53.5,2.200000047683716,1.7000000476837158
12.600000381469727,13.800000190734863,11.199999809265137,9.199999809265137,63.0,22.799999237060547,24.600000381469727,53.5,2.200000047683716,1.5
12.600000381469727,13.800000190734863,11.199999809265137,9.399999618530273,63.0,22.700000762939453,24.700000762939453,53.5,2.200000047683716,1.7000000476837158
12.699999809265137,13.800000190734863,11.199999809265137,9.5,63.0,23.100000381469727,24.700000762939453,53.5,2.200000047683716,1.5
12.800000190734863,13.800000190734863,11.100000381469727,9.600000381469727,63.0,23.100000381469727,24.799999237060547,53.5,2.200000047683716,1.7000000476837158
12.800000190734863,13.800000190734863,11.100000381469727,9.699999809265137,63.0,23.700000762939453,24.899999618530273,53.5,2.200000047683716,1.600000023841858
12.899999618530273,13.800000190734863,11.100000381469727,9.800000190734863,63.0,23.899999618530273,25.100000381469727,53.5,2.200000047683716,2.200000047683716
12.899999618530273,13.699999809265137,11.100000381469727,9.899999618530273,63.0,24.600000381469727,25.200000762939453,53.5,2.0999999046325684,2.200000047683716
12.899999618530273,13.699999809265137,11.100000381469727,10.0,63.0,24.899999618530273,25.299999237060547,53.5,2.200000047683716,2.700000047683716
13.0,13.699999809265137,11.0,10.100000381469727,63.0,25.5,25.399999618530273,53.5,2.0999999046325684,2.799999952316284
13.0,13.699999809265137,11.0,10.100000381469727,51.099998474121094,25.700000762939453,25.5,53.5,2.0999999046325684,3.200000047683716
13.100000381469727,13.699999809265137,11.0,10.199999809265137,51.099998474121094,26.0,25.5,53.5,2.0999999046325684,3.200000047683716
13.100000381469727,13.600000381469727,11.0,10.300000190734863,26.799999237060547,25.899999618530273,25.600000381469727,53.5,2.0999999046325684,3.4000000953674316
13.100000381469727,13.600000381469727,11.0,10.399999618530273,30.399999618530273,25.899999618530273,25.600000381469727,53.5,2.0999999046325684,3.5
13.100000381469727,13.600000381469727,10.899999618530273,10.5,30.399999618530273,25.700000762939453,25.700000762939453,53.5,2.0999999046325684,3.5999999046325684
13.199999809265137,13.600000381469727,10.899999618530273,10.600000381469727,30.399999618530273,25.600000381469727,25.799999237060547,53.5,2.0999999046325684,3.5999999046325684
13.199999809265137,13.600000381469727,10.899999618530273,10.699999809265137,30.399999618530273,25.399999618530273,25.899999618530273,53.5,2.0999999046325684,3.5
13.300000190734863,13.600000381469727,10.899999618530273,10.699999809265137,30.399999618530273,25.299999237060547,26.0,53.5,2.0999999046325684,3.5
13.300000190734863,13.600000381469727,10.899999618530273,10.800000190734863,30.399999618530273,25.100000381469727,26.100000381469727,53.5,2.0999999046325684,3.5
13.300000190734863,13.600000381469727,10.899999618530273,10.899999618530273,30.399999618530273,25.100000381469727,26.200000762939453,53.5,2.0999999046325684,3.4000000953674316
13.399999618530273,13.600000381469727,10.800000190734863,11.0,30.399999618530273,25.0,26.299999237060547,53.5,2.0999999046325684,3.299999952316284
13.399999618530273,13.600000381469727,10.800000190734863,11.100000381469727,30.399999618530273,25.100000381469727,26.399999618530273,53.5,2.0999999046325684,3.200000047683716
